experiment,detector,trial_file,trial_type,passed,sub_check,threshold_mode,provenance
experiment_009,schema_violation,trial_001.json,clean,True,,,"published-instrument (direct -- JSONSchemaBench Glaiveai2K, filtered to ReliAgent's supported keyword subset)"
experiment_009,schema_violation,trial_002.json,clean,True,,,"published-instrument (direct -- JSONSchemaBench Glaiveai2K, filtered to ReliAgent's supported keyword subset)"
experiment_009,schema_violation,trial_003.json,clean,True,,,"published-instrument (direct -- JSONSchemaBench Glaiveai2K, filtered to ReliAgent's supported keyword subset)"
experiment_009,schema_violation,trial_004.json,clean,True,,,"published-instrument (direct -- JSONSchemaBench Glaiveai2K, filtered to ReliAgent's supported keyword subset)"
experiment_009,schema_violation,trial_005.json,clean,True,,,"published-instrument (direct -- JSONSchemaBench Glaiveai2K, filtered to ReliAgent's supported keyword subset)"
experiment_009,schema_violation,trial_006.json,clean,True,,,"published-instrument (direct -- JSONSchemaBench Glaiveai2K, filtered to ReliAgent's supported keyword subset)"
experiment_009,schema_violation,trial_007.json,clean,True,,,"published-instrument (direct -- JSONSchemaBench Glaiveai2K, filtered to ReliAgent's supported keyword subset)"
experiment_009,schema_violation,trial_008.json,clean,True,,,"published-instrument (direct -- JSONSchemaBench Glaiveai2K, filtered to ReliAgent's supported keyword subset)"
experiment_009,schema_violation,trial_009.json,clean,True,,,"published-instrument (direct -- JSONSchemaBench Glaiveai2K, filtered to ReliAgent's supported keyword subset)"
experiment_009,schema_violation,trial_010.json,clean,True,,,"published-instrument (direct -- JSONSchemaBench Glaiveai2K, filtered to ReliAgent's supported keyword subset)"
experiment_009,schema_violation,trial_011.json,clean,True,,,"published-instrument (direct -- JSONSchemaBench Glaiveai2K, filtered to ReliAgent's supported keyword subset)"
experiment_009,schema_violation,trial_012.json,clean,True,,,"published-instrument (direct -- JSONSchemaBench Glaiveai2K, filtered to ReliAgent's supported keyword subset)"
experiment_009,schema_violation,trial_013.json,clean,True,,,"published-instrument (direct -- JSONSchemaBench Glaiveai2K, filtered to ReliAgent's supported keyword subset)"
experiment_009,schema_violation,trial_014.json,clean,True,,,"published-instrument (direct -- JSONSchemaBench Glaiveai2K, filtered to ReliAgent's supported keyword subset)"
experiment_009,schema_violation,trial_015.json,clean,True,,,"published-instrument (direct -- JSONSchemaBench Glaiveai2K, filtered to ReliAgent's supported keyword subset)"
experiment_009,schema_violation,trial_016.json,clean,True,,,"published-instrument (direct -- JSONSchemaBench Glaiveai2K, filtered to ReliAgent's supported keyword subset)"
experiment_009,schema_violation,trial_017.json,clean,True,,,"published-instrument (direct -- JSONSchemaBench Glaiveai2K, filtered to ReliAgent's supported keyword subset)"
experiment_009,schema_violation,trial_018.json,clean,True,,,"published-instrument (direct -- JSONSchemaBench Glaiveai2K, filtered to ReliAgent's supported keyword subset)"
experiment_009,schema_violation,trial_019.json,clean,True,,,"published-instrument (direct -- JSONSchemaBench Glaiveai2K, filtered to ReliAgent's supported keyword subset)"
experiment_009,schema_violation,trial_020.json,clean,True,,,"published-instrument (direct -- JSONSchemaBench Glaiveai2K, filtered to ReliAgent's supported keyword subset)"
experiment_009,schema_violation,trial_021.json,clean,True,,,"published-instrument (direct -- JSONSchemaBench Glaiveai2K, filtered to ReliAgent's supported keyword subset)"
experiment_009,schema_violation,trial_022.json,clean,True,,,"published-instrument (direct -- JSONSchemaBench Glaiveai2K, filtered to ReliAgent's supported keyword subset)"
experiment_009,schema_violation,trial_023.json,clean,True,,,"published-instrument (direct -- JSONSchemaBench Glaiveai2K, filtered to ReliAgent's supported keyword subset)"
experiment_009,schema_violation,trial_024.json,clean,True,,,"published-instrument (direct -- JSONSchemaBench Glaiveai2K, filtered to ReliAgent's supported keyword subset)"
experiment_009,schema_violation,trial_025.json,clean,True,,,"published-instrument (direct -- JSONSchemaBench Glaiveai2K, filtered to ReliAgent's supported keyword subset)"
experiment_009,schema_violation,trial_026.json,clean,True,,,"published-instrument (direct -- JSONSchemaBench Glaiveai2K, filtered to ReliAgent's supported keyword subset)"
experiment_009,schema_violation,trial_027.json,clean,True,,,"published-instrument (direct -- JSONSchemaBench Glaiveai2K, filtered to ReliAgent's supported keyword subset)"
experiment_009,schema_violation,trial_028.json,clean,True,,,"published-instrument (direct -- JSONSchemaBench Glaiveai2K, filtered to ReliAgent's supported keyword subset)"
experiment_009,schema_violation,trial_029.json,clean,True,,,"published-instrument (direct -- JSONSchemaBench Glaiveai2K, filtered to ReliAgent's supported keyword subset)"
experiment_009,schema_violation,trial_030.json,clean,True,,,"published-instrument (direct -- JSONSchemaBench Glaiveai2K, filtered to ReliAgent's supported keyword subset)"
experiment_009,schema_violation,trial_031.json,clean,True,,,"published-instrument (direct -- JSONSchemaBench Glaiveai2K, filtered to ReliAgent's supported keyword subset)"
experiment_009,schema_violation,trial_032.json,clean,True,,,"published-instrument (direct -- JSONSchemaBench Glaiveai2K, filtered to ReliAgent's supported keyword subset)"
experiment_009,schema_violation,trial_033.json,clean,True,,,"published-instrument (direct -- JSONSchemaBench Glaiveai2K, filtered to ReliAgent's supported keyword subset)"
experiment_009,schema_violation,trial_034.json,clean,True,,,"published-instrument (direct -- JSONSchemaBench Glaiveai2K, filtered to ReliAgent's supported keyword subset)"
experiment_009,schema_violation,trial_035.json,clean,True,,,"published-instrument (direct -- JSONSchemaBench Glaiveai2K, filtered to ReliAgent's supported keyword subset)"
experiment_009,schema_violation,trial_036.json,clean,True,,,"published-instrument (direct -- JSONSchemaBench Glaiveai2K, filtered to ReliAgent's supported keyword subset)"
experiment_009,schema_violation,trial_037.json,clean,True,,,"published-instrument (direct -- JSONSchemaBench Glaiveai2K, filtered to ReliAgent's supported keyword subset)"
experiment_009,schema_violation,trial_038.json,clean,True,,,"published-instrument (direct -- JSONSchemaBench Glaiveai2K, filtered to ReliAgent's supported keyword subset)"
experiment_009,schema_violation,trial_039.json,clean,True,,,"published-instrument (direct -- JSONSchemaBench Glaiveai2K, filtered to ReliAgent's supported keyword subset)"
experiment_009,schema_violation,trial_040.json,clean,True,,,"published-instrument (direct -- JSONSchemaBench Glaiveai2K, filtered to ReliAgent's supported keyword subset)"
experiment_009,schema_violation,trial_041.json,clean,True,,,"published-instrument (direct -- JSONSchemaBench Glaiveai2K, filtered to ReliAgent's supported keyword subset)"
experiment_009,schema_violation,trial_042.json,clean,True,,,"published-instrument (direct -- JSONSchemaBench Glaiveai2K, filtered to ReliAgent's supported keyword subset)"
experiment_009,schema_violation,trial_043.json,clean,True,,,"published-instrument (direct -- JSONSchemaBench Glaiveai2K, filtered to ReliAgent's supported keyword subset)"
experiment_009,schema_violation,trial_044.json,clean,True,,,"published-instrument (direct -- JSONSchemaBench Glaiveai2K, filtered to ReliAgent's supported keyword subset)"
experiment_009,schema_violation,trial_045.json,clean,True,,,"published-instrument (direct -- JSONSchemaBench Glaiveai2K, filtered to ReliAgent's supported keyword subset)"
experiment_009,schema_violation,trial_046.json,clean,True,,,"published-instrument (direct -- JSONSchemaBench Glaiveai2K, filtered to ReliAgent's supported keyword subset)"
experiment_009,schema_violation,trial_047.json,clean,True,,,"published-instrument (direct -- JSONSchemaBench Glaiveai2K, filtered to ReliAgent's supported keyword subset)"
experiment_009,schema_violation,trial_048.json,clean,True,,,"published-instrument (direct -- JSONSchemaBench Glaiveai2K, filtered to ReliAgent's supported keyword subset)"
experiment_009,schema_violation,trial_049.json,clean,True,,,"published-instrument (direct -- JSONSchemaBench Glaiveai2K, filtered to ReliAgent's supported keyword subset)"
experiment_009,schema_violation,trial_050.json,clean,True,,,"published-instrument (direct -- JSONSchemaBench Glaiveai2K, filtered to ReliAgent's supported keyword subset)"
experiment_009,schema_violation,trial_051.json,clean,True,,,"published-instrument (direct -- JSONSchemaBench Glaiveai2K, filtered to ReliAgent's supported keyword subset)"
experiment_009,schema_violation,trial_052.json,clean,True,,,"published-instrument (direct -- JSONSchemaBench Glaiveai2K, filtered to ReliAgent's supported keyword subset)"
experiment_009,schema_violation,trial_053.json,clean,True,,,"published-instrument (direct -- JSONSchemaBench Glaiveai2K, filtered to ReliAgent's supported keyword subset)"
experiment_009,schema_violation,trial_054.json,clean,True,,,"published-instrument (direct -- JSONSchemaBench Glaiveai2K, filtered to ReliAgent's supported keyword subset)"
experiment_009,schema_violation,trial_055.json,clean,True,,,"published-instrument (direct -- JSONSchemaBench Glaiveai2K, filtered to ReliAgent's supported keyword subset)"
experiment_009,schema_violation,trial_056.json,clean,True,,,"published-instrument (direct -- JSONSchemaBench Glaiveai2K, filtered to ReliAgent's supported keyword subset)"
experiment_009,schema_violation,trial_057.json,clean,True,,,"published-instrument (direct -- JSONSchemaBench Glaiveai2K, filtered to ReliAgent's supported keyword subset)"
experiment_009,schema_violation,trial_058.json,clean,True,,,"published-instrument (direct -- JSONSchemaBench Glaiveai2K, filtered to ReliAgent's supported keyword subset)"
experiment_009,schema_violation,trial_059.json,clean,True,,,"published-instrument (direct -- JSONSchemaBench Glaiveai2K, filtered to ReliAgent's supported keyword subset)"
experiment_009,schema_violation,trial_060.json,clean,True,,,"published-instrument (direct -- JSONSchemaBench Glaiveai2K, filtered to ReliAgent's supported keyword subset)"
experiment_009,schema_violation,trial_061.json,clean,True,,,"published-instrument (direct -- JSONSchemaBench Glaiveai2K, filtered to ReliAgent's supported keyword subset)"
experiment_009,schema_violation,trial_062.json,clean,True,,,"published-instrument (direct -- JSONSchemaBench Glaiveai2K, filtered to ReliAgent's supported keyword subset)"
experiment_009,schema_violation,trial_063.json,clean,True,,,"published-instrument (direct -- JSONSchemaBench Glaiveai2K, filtered to ReliAgent's supported keyword subset)"
experiment_009,schema_violation,trial_064.json,clean,True,,,"published-instrument (direct -- JSONSchemaBench Glaiveai2K, filtered to ReliAgent's supported keyword subset)"
experiment_009,schema_violation,trial_065.json,clean,True,,,"published-instrument (direct -- JSONSchemaBench Glaiveai2K, filtered to ReliAgent's supported keyword subset)"
experiment_009,schema_violation,trial_066.json,clean,True,,,"published-instrument (direct -- JSONSchemaBench Glaiveai2K, filtered to ReliAgent's supported keyword subset)"
experiment_009,schema_violation,trial_067.json,clean,True,,,"published-instrument (direct -- JSONSchemaBench Glaiveai2K, filtered to ReliAgent's supported keyword subset)"
experiment_009,schema_violation,trial_068.json,clean,True,,,"published-instrument (direct -- JSONSchemaBench Glaiveai2K, filtered to ReliAgent's supported keyword subset)"
experiment_009,schema_violation,trial_069.json,clean,True,,,"published-instrument (direct -- JSONSchemaBench Glaiveai2K, filtered to ReliAgent's supported keyword subset)"
experiment_009,schema_violation,trial_070.json,clean,True,,,"published-instrument (direct -- JSONSchemaBench Glaiveai2K, filtered to ReliAgent's supported keyword subset)"
experiment_009,schema_violation,trial_071.json,clean,True,,,"published-instrument (direct -- JSONSchemaBench Glaiveai2K, filtered to ReliAgent's supported keyword subset)"
experiment_009,schema_violation,trial_072.json,clean,True,,,"published-instrument (direct -- JSONSchemaBench Glaiveai2K, filtered to ReliAgent's supported keyword subset)"
experiment_009,schema_violation,trial_073.json,clean,True,,,"published-instrument (direct -- JSONSchemaBench Glaiveai2K, filtered to ReliAgent's supported keyword subset)"
experiment_009,schema_violation,trial_074.json,clean,True,,,"published-instrument (direct -- JSONSchemaBench Glaiveai2K, filtered to ReliAgent's supported keyword subset)"
experiment_009,schema_violation,trial_075.json,clean,True,,,"published-instrument (direct -- JSONSchemaBench Glaiveai2K, filtered to ReliAgent's supported keyword subset)"
experiment_009,schema_violation,trial_076.json,clean,True,,,"published-instrument (direct -- JSONSchemaBench Glaiveai2K, filtered to ReliAgent's supported keyword subset)"
experiment_009,schema_violation,trial_077.json,clean,True,,,"published-instrument (direct -- JSONSchemaBench Glaiveai2K, filtered to ReliAgent's supported keyword subset)"
experiment_009,schema_violation,trial_078.json,clean,True,,,"published-instrument (direct -- JSONSchemaBench Glaiveai2K, filtered to ReliAgent's supported keyword subset)"
experiment_009,schema_violation,trial_079.json,clean,True,,,"published-instrument (direct -- JSONSchemaBench Glaiveai2K, filtered to ReliAgent's supported keyword subset)"
experiment_009,schema_violation,trial_080.json,clean,True,,,"published-instrument (direct -- JSONSchemaBench Glaiveai2K, filtered to ReliAgent's supported keyword subset)"
experiment_009,schema_violation,trial_081.json,clean,True,,,"published-instrument (direct -- JSONSchemaBench Glaiveai2K, filtered to ReliAgent's supported keyword subset)"
experiment_009,schema_violation,trial_082.json,clean,True,,,"published-instrument (direct -- JSONSchemaBench Glaiveai2K, filtered to ReliAgent's supported keyword subset)"
experiment_009,schema_violation,trial_083.json,clean,True,,,"published-instrument (direct -- JSONSchemaBench Glaiveai2K, filtered to ReliAgent's supported keyword subset)"
experiment_009,schema_violation,trial_084.json,clean,True,,,"published-instrument (direct -- JSONSchemaBench Glaiveai2K, filtered to ReliAgent's supported keyword subset)"
experiment_009,schema_violation,trial_085.json,clean,True,,,"published-instrument (direct -- JSONSchemaBench Glaiveai2K, filtered to ReliAgent's supported keyword subset)"
experiment_009,schema_violation,trial_086.json,clean,True,,,"published-instrument (direct -- JSONSchemaBench Glaiveai2K, filtered to ReliAgent's supported keyword subset)"
experiment_009,schema_violation,trial_087.json,clean,True,,,"published-instrument (direct -- JSONSchemaBench Glaiveai2K, filtered to ReliAgent's supported keyword subset)"
experiment_009,schema_violation,trial_088.json,clean,True,,,"published-instrument (direct -- JSONSchemaBench Glaiveai2K, filtered to ReliAgent's supported keyword subset)"
experiment_009,schema_violation,trial_089.json,clean,True,,,"published-instrument (direct -- JSONSchemaBench Glaiveai2K, filtered to ReliAgent's supported keyword subset)"
experiment_009,schema_violation,trial_090.json,clean,True,,,"published-instrument (direct -- JSONSchemaBench Glaiveai2K, filtered to ReliAgent's supported keyword subset)"
experiment_009,schema_violation,trial_091.json,clean,True,,,"published-instrument (direct -- JSONSchemaBench Glaiveai2K, filtered to ReliAgent's supported keyword subset)"
experiment_009,schema_violation,trial_092.json,clean,True,,,"published-instrument (direct -- JSONSchemaBench Glaiveai2K, filtered to ReliAgent's supported keyword subset)"
experiment_009,schema_violation,trial_093.json,clean,True,,,"published-instrument (direct -- JSONSchemaBench Glaiveai2K, filtered to ReliAgent's supported keyword subset)"
experiment_009,schema_violation,trial_094.json,clean,True,,,"published-instrument (direct -- JSONSchemaBench Glaiveai2K, filtered to ReliAgent's supported keyword subset)"
experiment_009,schema_violation,trial_095.json,clean,True,,,"published-instrument (direct -- JSONSchemaBench Glaiveai2K, filtered to ReliAgent's supported keyword subset)"
experiment_009,schema_violation,trial_096.json,clean,True,,,"published-instrument (direct -- JSONSchemaBench Glaiveai2K, filtered to ReliAgent's supported keyword subset)"
experiment_009,schema_violation,trial_097.json,clean,True,,,"published-instrument (direct -- JSONSchemaBench Glaiveai2K, filtered to ReliAgent's supported keyword subset)"
experiment_009,schema_violation,trial_098.json,clean,True,,,"published-instrument (direct -- JSONSchemaBench Glaiveai2K, filtered to ReliAgent's supported keyword subset)"
experiment_009,schema_violation,trial_099.json,clean,True,,,"published-instrument (direct -- JSONSchemaBench Glaiveai2K, filtered to ReliAgent's supported keyword subset)"
experiment_009,schema_violation,trial_100.json,clean,True,,,"published-instrument (direct -- JSONSchemaBench Glaiveai2K, filtered to ReliAgent's supported keyword subset)"
experiment_009,schema_violation,trial_101.json,violation,True,,,"published-instrument (direct -- JSONSchemaBench Glaiveai2K, filtered to ReliAgent's supported keyword subset)"
experiment_009,schema_violation,trial_102.json,violation,True,,,"published-instrument (direct -- JSONSchemaBench Glaiveai2K, filtered to ReliAgent's supported keyword subset)"
experiment_009,schema_violation,trial_103.json,violation,True,,,"published-instrument (direct -- JSONSchemaBench Glaiveai2K, filtered to ReliAgent's supported keyword subset)"
experiment_009,schema_violation,trial_104.json,violation,True,,,"published-instrument (direct -- JSONSchemaBench Glaiveai2K, filtered to ReliAgent's supported keyword subset)"
experiment_009,schema_violation,trial_105.json,violation,True,,,"published-instrument (direct -- JSONSchemaBench Glaiveai2K, filtered to ReliAgent's supported keyword subset)"
experiment_009,schema_violation,trial_106.json,violation,True,,,"published-instrument (direct -- JSONSchemaBench Glaiveai2K, filtered to ReliAgent's supported keyword subset)"
experiment_009,schema_violation,trial_107.json,violation,True,,,"published-instrument (direct -- JSONSchemaBench Glaiveai2K, filtered to ReliAgent's supported keyword subset)"
experiment_009,schema_violation,trial_108.json,violation,True,,,"published-instrument (direct -- JSONSchemaBench Glaiveai2K, filtered to ReliAgent's supported keyword subset)"
experiment_009,schema_violation,trial_109.json,violation,True,,,"published-instrument (direct -- JSONSchemaBench Glaiveai2K, filtered to ReliAgent's supported keyword subset)"
experiment_009,schema_violation,trial_110.json,violation,True,,,"published-instrument (direct -- JSONSchemaBench Glaiveai2K, filtered to ReliAgent's supported keyword subset)"
experiment_009,schema_violation,trial_111.json,violation,True,,,"published-instrument (direct -- JSONSchemaBench Glaiveai2K, filtered to ReliAgent's supported keyword subset)"
experiment_009,schema_violation,trial_112.json,violation,True,,,"published-instrument (direct -- JSONSchemaBench Glaiveai2K, filtered to ReliAgent's supported keyword subset)"
experiment_009,schema_violation,trial_113.json,violation,True,,,"published-instrument (direct -- JSONSchemaBench Glaiveai2K, filtered to ReliAgent's supported keyword subset)"
experiment_009,schema_violation,trial_114.json,violation,True,,,"published-instrument (direct -- JSONSchemaBench Glaiveai2K, filtered to ReliAgent's supported keyword subset)"
experiment_009,schema_violation,trial_115.json,violation,True,,,"published-instrument (direct -- JSONSchemaBench Glaiveai2K, filtered to ReliAgent's supported keyword subset)"
experiment_009,schema_violation,trial_116.json,violation,True,,,"published-instrument (direct -- JSONSchemaBench Glaiveai2K, filtered to ReliAgent's supported keyword subset)"
experiment_009,schema_violation,trial_117.json,violation,True,,,"published-instrument (direct -- JSONSchemaBench Glaiveai2K, filtered to ReliAgent's supported keyword subset)"
experiment_009,schema_violation,trial_118.json,violation,True,,,"published-instrument (direct -- JSONSchemaBench Glaiveai2K, filtered to ReliAgent's supported keyword subset)"
experiment_009,schema_violation,trial_119.json,violation,True,,,"published-instrument (direct -- JSONSchemaBench Glaiveai2K, filtered to ReliAgent's supported keyword subset)"
experiment_009,schema_violation,trial_120.json,violation,True,,,"published-instrument (direct -- JSONSchemaBench Glaiveai2K, filtered to ReliAgent's supported keyword subset)"
experiment_009,schema_violation,trial_121.json,violation,True,,,"published-instrument (direct -- JSONSchemaBench Glaiveai2K, filtered to ReliAgent's supported keyword subset)"
experiment_009,schema_violation,trial_122.json,violation,True,,,"published-instrument (direct -- JSONSchemaBench Glaiveai2K, filtered to ReliAgent's supported keyword subset)"
experiment_009,schema_violation,trial_123.json,violation,True,,,"published-instrument (direct -- JSONSchemaBench Glaiveai2K, filtered to ReliAgent's supported keyword subset)"
experiment_009,schema_violation,trial_124.json,violation,True,,,"published-instrument (direct -- JSONSchemaBench Glaiveai2K, filtered to ReliAgent's supported keyword subset)"
experiment_009,schema_violation,trial_125.json,violation,True,,,"published-instrument (direct -- JSONSchemaBench Glaiveai2K, filtered to ReliAgent's supported keyword subset)"
experiment_009,schema_violation,trial_126.json,violation,True,,,"published-instrument (direct -- JSONSchemaBench Glaiveai2K, filtered to ReliAgent's supported keyword subset)"
experiment_009,schema_violation,trial_127.json,violation,True,,,"published-instrument (direct -- JSONSchemaBench Glaiveai2K, filtered to ReliAgent's supported keyword subset)"
experiment_009,schema_violation,trial_128.json,violation,True,,,"published-instrument (direct -- JSONSchemaBench Glaiveai2K, filtered to ReliAgent's supported keyword subset)"
experiment_009,schema_violation,trial_129.json,violation,True,,,"published-instrument (direct -- JSONSchemaBench Glaiveai2K, filtered to ReliAgent's supported keyword subset)"
experiment_009,schema_violation,trial_130.json,violation,True,,,"published-instrument (direct -- JSONSchemaBench Glaiveai2K, filtered to ReliAgent's supported keyword subset)"
experiment_009,schema_violation,trial_131.json,violation,True,,,"published-instrument (direct -- JSONSchemaBench Glaiveai2K, filtered to ReliAgent's supported keyword subset)"
experiment_009,schema_violation,trial_132.json,violation,True,,,"published-instrument (direct -- JSONSchemaBench Glaiveai2K, filtered to ReliAgent's supported keyword subset)"
experiment_009,schema_violation,trial_133.json,violation,True,,,"published-instrument (direct -- JSONSchemaBench Glaiveai2K, filtered to ReliAgent's supported keyword subset)"
experiment_009,schema_violation,trial_134.json,violation,True,,,"published-instrument (direct -- JSONSchemaBench Glaiveai2K, filtered to ReliAgent's supported keyword subset)"
experiment_009,schema_violation,trial_135.json,violation,True,,,"published-instrument (direct -- JSONSchemaBench Glaiveai2K, filtered to ReliAgent's supported keyword subset)"
experiment_009,schema_violation,trial_136.json,violation,True,,,"published-instrument (direct -- JSONSchemaBench Glaiveai2K, filtered to ReliAgent's supported keyword subset)"
experiment_009,schema_violation,trial_137.json,violation,True,,,"published-instrument (direct -- JSONSchemaBench Glaiveai2K, filtered to ReliAgent's supported keyword subset)"
experiment_009,schema_violation,trial_138.json,violation,True,,,"published-instrument (direct -- JSONSchemaBench Glaiveai2K, filtered to ReliAgent's supported keyword subset)"
experiment_009,schema_violation,trial_139.json,violation,True,,,"published-instrument (direct -- JSONSchemaBench Glaiveai2K, filtered to ReliAgent's supported keyword subset)"
experiment_009,schema_violation,trial_140.json,violation,True,,,"published-instrument (direct -- JSONSchemaBench Glaiveai2K, filtered to ReliAgent's supported keyword subset)"
experiment_009,schema_violation,trial_141.json,violation,True,,,"published-instrument (direct -- JSONSchemaBench Glaiveai2K, filtered to ReliAgent's supported keyword subset)"
experiment_009,schema_violation,trial_142.json,violation,True,,,"published-instrument (direct -- JSONSchemaBench Glaiveai2K, filtered to ReliAgent's supported keyword subset)"
experiment_009,schema_violation,trial_143.json,violation,True,,,"published-instrument (direct -- JSONSchemaBench Glaiveai2K, filtered to ReliAgent's supported keyword subset)"
experiment_009,schema_violation,trial_144.json,violation,True,,,"published-instrument (direct -- JSONSchemaBench Glaiveai2K, filtered to ReliAgent's supported keyword subset)"
experiment_009,schema_violation,trial_145.json,violation,True,,,"published-instrument (direct -- JSONSchemaBench Glaiveai2K, filtered to ReliAgent's supported keyword subset)"
experiment_009,schema_violation,trial_146.json,violation,True,,,"published-instrument (direct -- JSONSchemaBench Glaiveai2K, filtered to ReliAgent's supported keyword subset)"
experiment_009,schema_violation,trial_147.json,violation,True,,,"published-instrument (direct -- JSONSchemaBench Glaiveai2K, filtered to ReliAgent's supported keyword subset)"
experiment_009,schema_violation,trial_148.json,violation,True,,,"published-instrument (direct -- JSONSchemaBench Glaiveai2K, filtered to ReliAgent's supported keyword subset)"
experiment_009,schema_violation,trial_149.json,violation,True,,,"published-instrument (direct -- JSONSchemaBench Glaiveai2K, filtered to ReliAgent's supported keyword subset)"
experiment_009,schema_violation,trial_150.json,violation,True,,,"published-instrument (direct -- JSONSchemaBench Glaiveai2K, filtered to ReliAgent's supported keyword subset)"
experiment_009,schema_violation,trial_151.json,violation,True,,,"published-instrument (direct -- JSONSchemaBench Glaiveai2K, filtered to ReliAgent's supported keyword subset)"
experiment_009,schema_violation,trial_152.json,violation,True,,,"published-instrument (direct -- JSONSchemaBench Glaiveai2K, filtered to ReliAgent's supported keyword subset)"
experiment_009,schema_violation,trial_153.json,violation,True,,,"published-instrument (direct -- JSONSchemaBench Glaiveai2K, filtered to ReliAgent's supported keyword subset)"
experiment_009,schema_violation,trial_154.json,violation,True,,,"published-instrument (direct -- JSONSchemaBench Glaiveai2K, filtered to ReliAgent's supported keyword subset)"
experiment_009,schema_violation,trial_155.json,violation,True,,,"published-instrument (direct -- JSONSchemaBench Glaiveai2K, filtered to ReliAgent's supported keyword subset)"
experiment_009,schema_violation,trial_156.json,violation,True,,,"published-instrument (direct -- JSONSchemaBench Glaiveai2K, filtered to ReliAgent's supported keyword subset)"
experiment_009,schema_violation,trial_157.json,violation,True,,,"published-instrument (direct -- JSONSchemaBench Glaiveai2K, filtered to ReliAgent's supported keyword subset)"
experiment_009,schema_violation,trial_158.json,violation,True,,,"published-instrument (direct -- JSONSchemaBench Glaiveai2K, filtered to ReliAgent's supported keyword subset)"
experiment_009,schema_violation,trial_159.json,violation,True,,,"published-instrument (direct -- JSONSchemaBench Glaiveai2K, filtered to ReliAgent's supported keyword subset)"
experiment_009,schema_violation,trial_160.json,violation,True,,,"published-instrument (direct -- JSONSchemaBench Glaiveai2K, filtered to ReliAgent's supported keyword subset)"
experiment_009,schema_violation,trial_161.json,violation,True,,,"published-instrument (direct -- JSONSchemaBench Glaiveai2K, filtered to ReliAgent's supported keyword subset)"
experiment_009,schema_violation,trial_162.json,violation,True,,,"published-instrument (direct -- JSONSchemaBench Glaiveai2K, filtered to ReliAgent's supported keyword subset)"
experiment_009,schema_violation,trial_163.json,violation,True,,,"published-instrument (direct -- JSONSchemaBench Glaiveai2K, filtered to ReliAgent's supported keyword subset)"
experiment_009,schema_violation,trial_164.json,violation,True,,,"published-instrument (direct -- JSONSchemaBench Glaiveai2K, filtered to ReliAgent's supported keyword subset)"
experiment_009,schema_violation,trial_165.json,violation,True,,,"published-instrument (direct -- JSONSchemaBench Glaiveai2K, filtered to ReliAgent's supported keyword subset)"
experiment_009,schema_violation,trial_166.json,violation,True,,,"published-instrument (direct -- JSONSchemaBench Glaiveai2K, filtered to ReliAgent's supported keyword subset)"
experiment_009,schema_violation,trial_167.json,violation,True,,,"published-instrument (direct -- JSONSchemaBench Glaiveai2K, filtered to ReliAgent's supported keyword subset)"
experiment_009,schema_violation,trial_168.json,violation,True,,,"published-instrument (direct -- JSONSchemaBench Glaiveai2K, filtered to ReliAgent's supported keyword subset)"
experiment_009,schema_violation,trial_169.json,violation,True,,,"published-instrument (direct -- JSONSchemaBench Glaiveai2K, filtered to ReliAgent's supported keyword subset)"
experiment_009,schema_violation,trial_170.json,violation,True,,,"published-instrument (direct -- JSONSchemaBench Glaiveai2K, filtered to ReliAgent's supported keyword subset)"
experiment_009,schema_violation,trial_171.json,violation,True,,,"published-instrument (direct -- JSONSchemaBench Glaiveai2K, filtered to ReliAgent's supported keyword subset)"
experiment_009,schema_violation,trial_172.json,violation,True,,,"published-instrument (direct -- JSONSchemaBench Glaiveai2K, filtered to ReliAgent's supported keyword subset)"
experiment_009,schema_violation,trial_173.json,violation,True,,,"published-instrument (direct -- JSONSchemaBench Glaiveai2K, filtered to ReliAgent's supported keyword subset)"
experiment_009,schema_violation,trial_174.json,violation,True,,,"published-instrument (direct -- JSONSchemaBench Glaiveai2K, filtered to ReliAgent's supported keyword subset)"
experiment_009,schema_violation,trial_175.json,violation,True,,,"published-instrument (direct -- JSONSchemaBench Glaiveai2K, filtered to ReliAgent's supported keyword subset)"
experiment_009,schema_violation,trial_176.json,violation,True,,,"published-instrument (direct -- JSONSchemaBench Glaiveai2K, filtered to ReliAgent's supported keyword subset)"
experiment_009,schema_violation,trial_177.json,violation,True,,,"published-instrument (direct -- JSONSchemaBench Glaiveai2K, filtered to ReliAgent's supported keyword subset)"
experiment_009,schema_violation,trial_178.json,violation,True,,,"published-instrument (direct -- JSONSchemaBench Glaiveai2K, filtered to ReliAgent's supported keyword subset)"
experiment_009,schema_violation,trial_179.json,violation,True,,,"published-instrument (direct -- JSONSchemaBench Glaiveai2K, filtered to ReliAgent's supported keyword subset)"
experiment_009,schema_violation,trial_180.json,violation,True,,,"published-instrument (direct -- JSONSchemaBench Glaiveai2K, filtered to ReliAgent's supported keyword subset)"
experiment_009,schema_violation,trial_181.json,violation,True,,,"published-instrument (direct -- JSONSchemaBench Glaiveai2K, filtered to ReliAgent's supported keyword subset)"
experiment_009,schema_violation,trial_182.json,violation,True,,,"published-instrument (direct -- JSONSchemaBench Glaiveai2K, filtered to ReliAgent's supported keyword subset)"
experiment_009,schema_violation,trial_183.json,violation,True,,,"published-instrument (direct -- JSONSchemaBench Glaiveai2K, filtered to ReliAgent's supported keyword subset)"
experiment_009,schema_violation,trial_184.json,violation,True,,,"published-instrument (direct -- JSONSchemaBench Glaiveai2K, filtered to ReliAgent's supported keyword subset)"
experiment_009,schema_violation,trial_185.json,violation,True,,,"published-instrument (direct -- JSONSchemaBench Glaiveai2K, filtered to ReliAgent's supported keyword subset)"
experiment_009,schema_violation,trial_186.json,violation,True,,,"published-instrument (direct -- JSONSchemaBench Glaiveai2K, filtered to ReliAgent's supported keyword subset)"
experiment_009,schema_violation,trial_187.json,violation,True,,,"published-instrument (direct -- JSONSchemaBench Glaiveai2K, filtered to ReliAgent's supported keyword subset)"
experiment_009,schema_violation,trial_188.json,violation,True,,,"published-instrument (direct -- JSONSchemaBench Glaiveai2K, filtered to ReliAgent's supported keyword subset)"
experiment_009,schema_violation,trial_189.json,violation,True,,,"published-instrument (direct -- JSONSchemaBench Glaiveai2K, filtered to ReliAgent's supported keyword subset)"
experiment_009,schema_violation,trial_190.json,violation,True,,,"published-instrument (direct -- JSONSchemaBench Glaiveai2K, filtered to ReliAgent's supported keyword subset)"
experiment_009,schema_violation,trial_191.json,violation,True,,,"published-instrument (direct -- JSONSchemaBench Glaiveai2K, filtered to ReliAgent's supported keyword subset)"
experiment_009,schema_violation,trial_192.json,violation,True,,,"published-instrument (direct -- JSONSchemaBench Glaiveai2K, filtered to ReliAgent's supported keyword subset)"
experiment_009,schema_violation,trial_193.json,violation,True,,,"published-instrument (direct -- JSONSchemaBench Glaiveai2K, filtered to ReliAgent's supported keyword subset)"
experiment_009,schema_violation,trial_194.json,violation,True,,,"published-instrument (direct -- JSONSchemaBench Glaiveai2K, filtered to ReliAgent's supported keyword subset)"
experiment_009,schema_violation,trial_195.json,violation,True,,,"published-instrument (direct -- JSONSchemaBench Glaiveai2K, filtered to ReliAgent's supported keyword subset)"
experiment_009,schema_violation,trial_196.json,violation,True,,,"published-instrument (direct -- JSONSchemaBench Glaiveai2K, filtered to ReliAgent's supported keyword subset)"
experiment_009,schema_violation,trial_197.json,violation,True,,,"published-instrument (direct -- JSONSchemaBench Glaiveai2K, filtered to ReliAgent's supported keyword subset)"
experiment_009,schema_violation,trial_198.json,violation,True,,,"published-instrument (direct -- JSONSchemaBench Glaiveai2K, filtered to ReliAgent's supported keyword subset)"
experiment_009,schema_violation,trial_199.json,violation,True,,,"published-instrument (direct -- JSONSchemaBench Glaiveai2K, filtered to ReliAgent's supported keyword subset)"
experiment_009,schema_violation,trial_200.json,violation,True,,,"published-instrument (direct -- JSONSchemaBench Glaiveai2K, filtered to ReliAgent's supported keyword subset)"
experiment_010,hallucination,trial_001.json,clean,True,,,"published-instrument (indirect -- Rao et al. arXiv:2604.03173 methodology; ExpertQA selected for Phase 2 Track A, cmalaviya/expertqa 'main' split)"
experiment_010,hallucination,trial_002.json,clean,True,,,"published-instrument (indirect -- Rao et al. arXiv:2604.03173 methodology; ExpertQA selected for Phase 2 Track A, cmalaviya/expertqa 'main' split)"
experiment_010,hallucination,trial_003.json,clean,True,,,"published-instrument (indirect -- Rao et al. arXiv:2604.03173 methodology; ExpertQA selected for Phase 2 Track A, cmalaviya/expertqa 'main' split)"
experiment_010,hallucination,trial_004.json,clean,True,,,"published-instrument (indirect -- Rao et al. arXiv:2604.03173 methodology; ExpertQA selected for Phase 2 Track A, cmalaviya/expertqa 'main' split)"
experiment_010,hallucination,trial_005.json,clean,True,,,"published-instrument (indirect -- Rao et al. arXiv:2604.03173 methodology; ExpertQA selected for Phase 2 Track A, cmalaviya/expertqa 'main' split)"
experiment_010,hallucination,trial_006.json,clean,True,,,"published-instrument (indirect -- Rao et al. arXiv:2604.03173 methodology; ExpertQA selected for Phase 2 Track A, cmalaviya/expertqa 'main' split)"
experiment_010,hallucination,trial_007.json,clean,True,,,"published-instrument (indirect -- Rao et al. arXiv:2604.03173 methodology; ExpertQA selected for Phase 2 Track A, cmalaviya/expertqa 'main' split)"
experiment_010,hallucination,trial_008.json,clean,True,,,"published-instrument (indirect -- Rao et al. arXiv:2604.03173 methodology; ExpertQA selected for Phase 2 Track A, cmalaviya/expertqa 'main' split)"
experiment_010,hallucination,trial_009.json,clean,True,,,"published-instrument (indirect -- Rao et al. arXiv:2604.03173 methodology; ExpertQA selected for Phase 2 Track A, cmalaviya/expertqa 'main' split)"
experiment_010,hallucination,trial_010.json,clean,True,,,"published-instrument (indirect -- Rao et al. arXiv:2604.03173 methodology; ExpertQA selected for Phase 2 Track A, cmalaviya/expertqa 'main' split)"
experiment_010,hallucination,trial_011.json,clean,True,,,"published-instrument (indirect -- Rao et al. arXiv:2604.03173 methodology; ExpertQA selected for Phase 2 Track A, cmalaviya/expertqa 'main' split)"
experiment_010,hallucination,trial_012.json,clean,True,,,"published-instrument (indirect -- Rao et al. arXiv:2604.03173 methodology; ExpertQA selected for Phase 2 Track A, cmalaviya/expertqa 'main' split)"
experiment_010,hallucination,trial_013.json,clean,True,,,"published-instrument (indirect -- Rao et al. arXiv:2604.03173 methodology; ExpertQA selected for Phase 2 Track A, cmalaviya/expertqa 'main' split)"
experiment_010,hallucination,trial_014.json,clean,True,,,"published-instrument (indirect -- Rao et al. arXiv:2604.03173 methodology; ExpertQA selected for Phase 2 Track A, cmalaviya/expertqa 'main' split)"
experiment_010,hallucination,trial_015.json,clean,True,,,"published-instrument (indirect -- Rao et al. arXiv:2604.03173 methodology; ExpertQA selected for Phase 2 Track A, cmalaviya/expertqa 'main' split)"
experiment_010,hallucination,trial_016.json,clean,True,,,"published-instrument (indirect -- Rao et al. arXiv:2604.03173 methodology; ExpertQA selected for Phase 2 Track A, cmalaviya/expertqa 'main' split)"
experiment_010,hallucination,trial_017.json,clean,True,,,"published-instrument (indirect -- Rao et al. arXiv:2604.03173 methodology; ExpertQA selected for Phase 2 Track A, cmalaviya/expertqa 'main' split)"
experiment_010,hallucination,trial_018.json,clean,True,,,"published-instrument (indirect -- Rao et al. arXiv:2604.03173 methodology; ExpertQA selected for Phase 2 Track A, cmalaviya/expertqa 'main' split)"
experiment_010,hallucination,trial_019.json,clean,True,,,"published-instrument (indirect -- Rao et al. arXiv:2604.03173 methodology; ExpertQA selected for Phase 2 Track A, cmalaviya/expertqa 'main' split)"
experiment_010,hallucination,trial_020.json,clean,True,,,"published-instrument (indirect -- Rao et al. arXiv:2604.03173 methodology; ExpertQA selected for Phase 2 Track A, cmalaviya/expertqa 'main' split)"
experiment_010,hallucination,trial_021.json,clean,True,,,"published-instrument (indirect -- Rao et al. arXiv:2604.03173 methodology; ExpertQA selected for Phase 2 Track A, cmalaviya/expertqa 'main' split)"
experiment_010,hallucination,trial_022.json,clean,True,,,"published-instrument (indirect -- Rao et al. arXiv:2604.03173 methodology; ExpertQA selected for Phase 2 Track A, cmalaviya/expertqa 'main' split)"
experiment_010,hallucination,trial_023.json,clean,True,,,"published-instrument (indirect -- Rao et al. arXiv:2604.03173 methodology; ExpertQA selected for Phase 2 Track A, cmalaviya/expertqa 'main' split)"
experiment_010,hallucination,trial_024.json,clean,True,,,"published-instrument (indirect -- Rao et al. arXiv:2604.03173 methodology; ExpertQA selected for Phase 2 Track A, cmalaviya/expertqa 'main' split)"
experiment_010,hallucination,trial_025.json,clean,True,,,"published-instrument (indirect -- Rao et al. arXiv:2604.03173 methodology; ExpertQA selected for Phase 2 Track A, cmalaviya/expertqa 'main' split)"
experiment_010,hallucination,trial_026.json,clean,True,,,"published-instrument (indirect -- Rao et al. arXiv:2604.03173 methodology; ExpertQA selected for Phase 2 Track A, cmalaviya/expertqa 'main' split)"
experiment_010,hallucination,trial_027.json,clean,True,,,"published-instrument (indirect -- Rao et al. arXiv:2604.03173 methodology; ExpertQA selected for Phase 2 Track A, cmalaviya/expertqa 'main' split)"
experiment_010,hallucination,trial_028.json,clean,True,,,"published-instrument (indirect -- Rao et al. arXiv:2604.03173 methodology; ExpertQA selected for Phase 2 Track A, cmalaviya/expertqa 'main' split)"
experiment_010,hallucination,trial_029.json,clean,True,,,"published-instrument (indirect -- Rao et al. arXiv:2604.03173 methodology; ExpertQA selected for Phase 2 Track A, cmalaviya/expertqa 'main' split)"
experiment_010,hallucination,trial_030.json,clean,True,,,"published-instrument (indirect -- Rao et al. arXiv:2604.03173 methodology; ExpertQA selected for Phase 2 Track A, cmalaviya/expertqa 'main' split)"
experiment_010,hallucination,trial_031.json,clean,True,,,"published-instrument (indirect -- Rao et al. arXiv:2604.03173 methodology; ExpertQA selected for Phase 2 Track A, cmalaviya/expertqa 'main' split)"
experiment_010,hallucination,trial_032.json,clean,True,,,"published-instrument (indirect -- Rao et al. arXiv:2604.03173 methodology; ExpertQA selected for Phase 2 Track A, cmalaviya/expertqa 'main' split)"
experiment_010,hallucination,trial_033.json,clean,True,,,"published-instrument (indirect -- Rao et al. arXiv:2604.03173 methodology; ExpertQA selected for Phase 2 Track A, cmalaviya/expertqa 'main' split)"
experiment_010,hallucination,trial_035.json,clean,True,,,"published-instrument (indirect -- Rao et al. arXiv:2604.03173 methodology; ExpertQA selected for Phase 2 Track A, cmalaviya/expertqa 'main' split)"
experiment_010,hallucination,trial_036.json,clean,True,,,"published-instrument (indirect -- Rao et al. arXiv:2604.03173 methodology; ExpertQA selected for Phase 2 Track A, cmalaviya/expertqa 'main' split)"
experiment_010,hallucination,trial_037.json,clean,True,,,"published-instrument (indirect -- Rao et al. arXiv:2604.03173 methodology; ExpertQA selected for Phase 2 Track A, cmalaviya/expertqa 'main' split)"
experiment_010,hallucination,trial_038.json,clean,True,,,"published-instrument (indirect -- Rao et al. arXiv:2604.03173 methodology; ExpertQA selected for Phase 2 Track A, cmalaviya/expertqa 'main' split)"
experiment_010,hallucination,trial_039.json,clean,True,,,"published-instrument (indirect -- Rao et al. arXiv:2604.03173 methodology; ExpertQA selected for Phase 2 Track A, cmalaviya/expertqa 'main' split)"
experiment_010,hallucination,trial_040.json,clean,True,,,"published-instrument (indirect -- Rao et al. arXiv:2604.03173 methodology; ExpertQA selected for Phase 2 Track A, cmalaviya/expertqa 'main' split)"
experiment_010,hallucination,trial_041.json,clean,True,,,"published-instrument (indirect -- Rao et al. arXiv:2604.03173 methodology; ExpertQA selected for Phase 2 Track A, cmalaviya/expertqa 'main' split)"
experiment_010,hallucination,trial_042.json,clean,True,,,"published-instrument (indirect -- Rao et al. arXiv:2604.03173 methodology; ExpertQA selected for Phase 2 Track A, cmalaviya/expertqa 'main' split)"
experiment_010,hallucination,trial_043.json,clean,True,,,"published-instrument (indirect -- Rao et al. arXiv:2604.03173 methodology; ExpertQA selected for Phase 2 Track A, cmalaviya/expertqa 'main' split)"
experiment_010,hallucination,trial_044.json,clean,True,,,"published-instrument (indirect -- Rao et al. arXiv:2604.03173 methodology; ExpertQA selected for Phase 2 Track A, cmalaviya/expertqa 'main' split)"
experiment_010,hallucination,trial_045.json,clean,True,,,"published-instrument (indirect -- Rao et al. arXiv:2604.03173 methodology; ExpertQA selected for Phase 2 Track A, cmalaviya/expertqa 'main' split)"
experiment_010,hallucination,trial_046.json,clean,True,,,"published-instrument (indirect -- Rao et al. arXiv:2604.03173 methodology; ExpertQA selected for Phase 2 Track A, cmalaviya/expertqa 'main' split)"
experiment_010,hallucination,trial_047.json,clean,True,,,"published-instrument (indirect -- Rao et al. arXiv:2604.03173 methodology; ExpertQA selected for Phase 2 Track A, cmalaviya/expertqa 'main' split)"
experiment_010,hallucination,trial_048.json,clean,True,,,"published-instrument (indirect -- Rao et al. arXiv:2604.03173 methodology; ExpertQA selected for Phase 2 Track A, cmalaviya/expertqa 'main' split)"
experiment_010,hallucination,trial_049.json,clean,True,,,"published-instrument (indirect -- Rao et al. arXiv:2604.03173 methodology; ExpertQA selected for Phase 2 Track A, cmalaviya/expertqa 'main' split)"
experiment_010,hallucination,trial_050.json,clean,True,,,"published-instrument (indirect -- Rao et al. arXiv:2604.03173 methodology; ExpertQA selected for Phase 2 Track A, cmalaviya/expertqa 'main' split)"
experiment_010,hallucination,trial_051.json,clean,True,,,"published-instrument (indirect -- Rao et al. arXiv:2604.03173 methodology; ExpertQA selected for Phase 2 Track A, cmalaviya/expertqa 'main' split)"
experiment_010,hallucination,trial_052.json,clean,True,,,"published-instrument (indirect -- Rao et al. arXiv:2604.03173 methodology; ExpertQA selected for Phase 2 Track A, cmalaviya/expertqa 'main' split)"
experiment_010,hallucination,trial_053.json,clean,True,,,"published-instrument (indirect -- Rao et al. arXiv:2604.03173 methodology; ExpertQA selected for Phase 2 Track A, cmalaviya/expertqa 'main' split)"
experiment_010,hallucination,trial_054.json,clean,True,,,"published-instrument (indirect -- Rao et al. arXiv:2604.03173 methodology; ExpertQA selected for Phase 2 Track A, cmalaviya/expertqa 'main' split)"
experiment_010,hallucination,trial_055.json,clean,True,,,"published-instrument (indirect -- Rao et al. arXiv:2604.03173 methodology; ExpertQA selected for Phase 2 Track A, cmalaviya/expertqa 'main' split)"
experiment_010,hallucination,trial_056.json,clean,True,,,"published-instrument (indirect -- Rao et al. arXiv:2604.03173 methodology; ExpertQA selected for Phase 2 Track A, cmalaviya/expertqa 'main' split)"
experiment_010,hallucination,trial_057.json,clean,True,,,"published-instrument (indirect -- Rao et al. arXiv:2604.03173 methodology; ExpertQA selected for Phase 2 Track A, cmalaviya/expertqa 'main' split)"
experiment_010,hallucination,trial_058.json,clean,True,,,"published-instrument (indirect -- Rao et al. arXiv:2604.03173 methodology; ExpertQA selected for Phase 2 Track A, cmalaviya/expertqa 'main' split)"
experiment_010,hallucination,trial_059.json,clean,True,,,"published-instrument (indirect -- Rao et al. arXiv:2604.03173 methodology; ExpertQA selected for Phase 2 Track A, cmalaviya/expertqa 'main' split)"
experiment_010,hallucination,trial_060.json,clean,True,,,"published-instrument (indirect -- Rao et al. arXiv:2604.03173 methodology; ExpertQA selected for Phase 2 Track A, cmalaviya/expertqa 'main' split)"
experiment_010,hallucination,trial_061.json,clean,True,,,"published-instrument (indirect -- Rao et al. arXiv:2604.03173 methodology; ExpertQA selected for Phase 2 Track A, cmalaviya/expertqa 'main' split)"
experiment_010,hallucination,trial_062.json,clean,True,,,"published-instrument (indirect -- Rao et al. arXiv:2604.03173 methodology; ExpertQA selected for Phase 2 Track A, cmalaviya/expertqa 'main' split)"
experiment_010,hallucination,trial_063.json,clean,True,,,"published-instrument (indirect -- Rao et al. arXiv:2604.03173 methodology; ExpertQA selected for Phase 2 Track A, cmalaviya/expertqa 'main' split)"
experiment_010,hallucination,trial_064.json,clean,True,,,"published-instrument (indirect -- Rao et al. arXiv:2604.03173 methodology; ExpertQA selected for Phase 2 Track A, cmalaviya/expertqa 'main' split)"
experiment_010,hallucination,trial_065.json,clean,True,,,"published-instrument (indirect -- Rao et al. arXiv:2604.03173 methodology; ExpertQA selected for Phase 2 Track A, cmalaviya/expertqa 'main' split)"
experiment_010,hallucination,trial_066.json,clean,True,,,"published-instrument (indirect -- Rao et al. arXiv:2604.03173 methodology; ExpertQA selected for Phase 2 Track A, cmalaviya/expertqa 'main' split)"
experiment_010,hallucination,trial_067.json,clean,True,,,"published-instrument (indirect -- Rao et al. arXiv:2604.03173 methodology; ExpertQA selected for Phase 2 Track A, cmalaviya/expertqa 'main' split)"
experiment_010,hallucination,trial_068.json,clean,True,,,"published-instrument (indirect -- Rao et al. arXiv:2604.03173 methodology; ExpertQA selected for Phase 2 Track A, cmalaviya/expertqa 'main' split)"
experiment_010,hallucination,trial_069.json,clean,True,,,"published-instrument (indirect -- Rao et al. arXiv:2604.03173 methodology; ExpertQA selected for Phase 2 Track A, cmalaviya/expertqa 'main' split)"
experiment_010,hallucination,trial_070.json,clean,True,,,"published-instrument (indirect -- Rao et al. arXiv:2604.03173 methodology; ExpertQA selected for Phase 2 Track A, cmalaviya/expertqa 'main' split)"
experiment_010,hallucination,trial_071.json,clean,True,,,"published-instrument (indirect -- Rao et al. arXiv:2604.03173 methodology; ExpertQA selected for Phase 2 Track A, cmalaviya/expertqa 'main' split)"
experiment_010,hallucination,trial_072.json,clean,True,,,"published-instrument (indirect -- Rao et al. arXiv:2604.03173 methodology; ExpertQA selected for Phase 2 Track A, cmalaviya/expertqa 'main' split)"
experiment_010,hallucination,trial_073.json,clean,True,,,"published-instrument (indirect -- Rao et al. arXiv:2604.03173 methodology; ExpertQA selected for Phase 2 Track A, cmalaviya/expertqa 'main' split)"
experiment_010,hallucination,trial_074.json,clean,True,,,"published-instrument (indirect -- Rao et al. arXiv:2604.03173 methodology; ExpertQA selected for Phase 2 Track A, cmalaviya/expertqa 'main' split)"
experiment_010,hallucination,trial_075.json,clean,True,,,"published-instrument (indirect -- Rao et al. arXiv:2604.03173 methodology; ExpertQA selected for Phase 2 Track A, cmalaviya/expertqa 'main' split)"
experiment_010,hallucination,trial_076.json,clean,True,,,"published-instrument (indirect -- Rao et al. arXiv:2604.03173 methodology; ExpertQA selected for Phase 2 Track A, cmalaviya/expertqa 'main' split)"
experiment_010,hallucination,trial_077.json,clean,True,,,"published-instrument (indirect -- Rao et al. arXiv:2604.03173 methodology; ExpertQA selected for Phase 2 Track A, cmalaviya/expertqa 'main' split)"
experiment_010,hallucination,trial_078.json,clean,True,,,"published-instrument (indirect -- Rao et al. arXiv:2604.03173 methodology; ExpertQA selected for Phase 2 Track A, cmalaviya/expertqa 'main' split)"
experiment_010,hallucination,trial_079.json,clean,True,,,"published-instrument (indirect -- Rao et al. arXiv:2604.03173 methodology; ExpertQA selected for Phase 2 Track A, cmalaviya/expertqa 'main' split)"
experiment_010,hallucination,trial_080.json,clean,True,,,"published-instrument (indirect -- Rao et al. arXiv:2604.03173 methodology; ExpertQA selected for Phase 2 Track A, cmalaviya/expertqa 'main' split)"
experiment_010,hallucination,trial_081.json,clean,True,,,"published-instrument (indirect -- Rao et al. arXiv:2604.03173 methodology; ExpertQA selected for Phase 2 Track A, cmalaviya/expertqa 'main' split)"
experiment_010,hallucination,trial_082.json,clean,True,,,"published-instrument (indirect -- Rao et al. arXiv:2604.03173 methodology; ExpertQA selected for Phase 2 Track A, cmalaviya/expertqa 'main' split)"
experiment_010,hallucination,trial_083.json,clean,True,,,"published-instrument (indirect -- Rao et al. arXiv:2604.03173 methodology; ExpertQA selected for Phase 2 Track A, cmalaviya/expertqa 'main' split)"
experiment_010,hallucination,trial_084.json,clean,True,,,"published-instrument (indirect -- Rao et al. arXiv:2604.03173 methodology; ExpertQA selected for Phase 2 Track A, cmalaviya/expertqa 'main' split)"
experiment_010,hallucination,trial_085.json,clean,True,,,"published-instrument (indirect -- Rao et al. arXiv:2604.03173 methodology; ExpertQA selected for Phase 2 Track A, cmalaviya/expertqa 'main' split)"
experiment_010,hallucination,trial_086.json,clean,True,,,"published-instrument (indirect -- Rao et al. arXiv:2604.03173 methodology; ExpertQA selected for Phase 2 Track A, cmalaviya/expertqa 'main' split)"
experiment_010,hallucination,trial_087.json,clean,True,,,"published-instrument (indirect -- Rao et al. arXiv:2604.03173 methodology; ExpertQA selected for Phase 2 Track A, cmalaviya/expertqa 'main' split)"
experiment_010,hallucination,trial_088.json,clean,True,,,"published-instrument (indirect -- Rao et al. arXiv:2604.03173 methodology; ExpertQA selected for Phase 2 Track A, cmalaviya/expertqa 'main' split)"
experiment_010,hallucination,trial_089.json,clean,True,,,"published-instrument (indirect -- Rao et al. arXiv:2604.03173 methodology; ExpertQA selected for Phase 2 Track A, cmalaviya/expertqa 'main' split)"
experiment_010,hallucination,trial_090.json,clean,True,,,"published-instrument (indirect -- Rao et al. arXiv:2604.03173 methodology; ExpertQA selected for Phase 2 Track A, cmalaviya/expertqa 'main' split)"
experiment_010,hallucination,trial_091.json,clean,True,,,"published-instrument (indirect -- Rao et al. arXiv:2604.03173 methodology; ExpertQA selected for Phase 2 Track A, cmalaviya/expertqa 'main' split)"
experiment_010,hallucination,trial_092.json,clean,True,,,"published-instrument (indirect -- Rao et al. arXiv:2604.03173 methodology; ExpertQA selected for Phase 2 Track A, cmalaviya/expertqa 'main' split)"
experiment_010,hallucination,trial_093.json,clean,True,,,"published-instrument (indirect -- Rao et al. arXiv:2604.03173 methodology; ExpertQA selected for Phase 2 Track A, cmalaviya/expertqa 'main' split)"
experiment_010,hallucination,trial_094.json,clean,True,,,"published-instrument (indirect -- Rao et al. arXiv:2604.03173 methodology; ExpertQA selected for Phase 2 Track A, cmalaviya/expertqa 'main' split)"
experiment_010,hallucination,trial_095.json,clean,True,,,"published-instrument (indirect -- Rao et al. arXiv:2604.03173 methodology; ExpertQA selected for Phase 2 Track A, cmalaviya/expertqa 'main' split)"
experiment_010,hallucination,trial_096.json,clean,True,,,"published-instrument (indirect -- Rao et al. arXiv:2604.03173 methodology; ExpertQA selected for Phase 2 Track A, cmalaviya/expertqa 'main' split)"
experiment_010,hallucination,trial_097.json,clean,True,,,"published-instrument (indirect -- Rao et al. arXiv:2604.03173 methodology; ExpertQA selected for Phase 2 Track A, cmalaviya/expertqa 'main' split)"
experiment_010,hallucination,trial_098.json,clean,True,,,"published-instrument (indirect -- Rao et al. arXiv:2604.03173 methodology; ExpertQA selected for Phase 2 Track A, cmalaviya/expertqa 'main' split)"
experiment_010,hallucination,trial_099.json,clean,True,,,"published-instrument (indirect -- Rao et al. arXiv:2604.03173 methodology; ExpertQA selected for Phase 2 Track A, cmalaviya/expertqa 'main' split)"
experiment_010,hallucination,trial_100.json,clean,True,,,"published-instrument (indirect -- Rao et al. arXiv:2604.03173 methodology; ExpertQA selected for Phase 2 Track A, cmalaviya/expertqa 'main' split)"
experiment_010,hallucination,trial_101.json,violation,True,,,"published-instrument (indirect -- Rao et al. arXiv:2604.03173 methodology; ExpertQA selected for Phase 2 Track A, cmalaviya/expertqa 'main' split)"
experiment_010,hallucination,trial_102.json,violation,True,,,"published-instrument (indirect -- Rao et al. arXiv:2604.03173 methodology; ExpertQA selected for Phase 2 Track A, cmalaviya/expertqa 'main' split)"
experiment_010,hallucination,trial_103.json,violation,True,,,"published-instrument (indirect -- Rao et al. arXiv:2604.03173 methodology; ExpertQA selected for Phase 2 Track A, cmalaviya/expertqa 'main' split)"
experiment_010,hallucination,trial_104.json,violation,True,,,"published-instrument (indirect -- Rao et al. arXiv:2604.03173 methodology; ExpertQA selected for Phase 2 Track A, cmalaviya/expertqa 'main' split)"
experiment_010,hallucination,trial_105.json,violation,True,,,"published-instrument (indirect -- Rao et al. arXiv:2604.03173 methodology; ExpertQA selected for Phase 2 Track A, cmalaviya/expertqa 'main' split)"
experiment_010,hallucination,trial_106.json,violation,True,,,"published-instrument (indirect -- Rao et al. arXiv:2604.03173 methodology; ExpertQA selected for Phase 2 Track A, cmalaviya/expertqa 'main' split)"
experiment_010,hallucination,trial_107.json,violation,True,,,"published-instrument (indirect -- Rao et al. arXiv:2604.03173 methodology; ExpertQA selected for Phase 2 Track A, cmalaviya/expertqa 'main' split)"
experiment_010,hallucination,trial_108.json,violation,True,,,"published-instrument (indirect -- Rao et al. arXiv:2604.03173 methodology; ExpertQA selected for Phase 2 Track A, cmalaviya/expertqa 'main' split)"
experiment_010,hallucination,trial_109.json,violation,True,,,"published-instrument (indirect -- Rao et al. arXiv:2604.03173 methodology; ExpertQA selected for Phase 2 Track A, cmalaviya/expertqa 'main' split)"
experiment_010,hallucination,trial_110.json,violation,True,,,"published-instrument (indirect -- Rao et al. arXiv:2604.03173 methodology; ExpertQA selected for Phase 2 Track A, cmalaviya/expertqa 'main' split)"
experiment_010,hallucination,trial_111.json,violation,True,,,"published-instrument (indirect -- Rao et al. arXiv:2604.03173 methodology; ExpertQA selected for Phase 2 Track A, cmalaviya/expertqa 'main' split)"
experiment_010,hallucination,trial_112.json,violation,True,,,"published-instrument (indirect -- Rao et al. arXiv:2604.03173 methodology; ExpertQA selected for Phase 2 Track A, cmalaviya/expertqa 'main' split)"
experiment_010,hallucination,trial_113.json,violation,True,,,"published-instrument (indirect -- Rao et al. arXiv:2604.03173 methodology; ExpertQA selected for Phase 2 Track A, cmalaviya/expertqa 'main' split)"
experiment_010,hallucination,trial_114.json,violation,True,,,"published-instrument (indirect -- Rao et al. arXiv:2604.03173 methodology; ExpertQA selected for Phase 2 Track A, cmalaviya/expertqa 'main' split)"
experiment_010,hallucination,trial_115.json,violation,True,,,"published-instrument (indirect -- Rao et al. arXiv:2604.03173 methodology; ExpertQA selected for Phase 2 Track A, cmalaviya/expertqa 'main' split)"
experiment_010,hallucination,trial_116.json,violation,True,,,"published-instrument (indirect -- Rao et al. arXiv:2604.03173 methodology; ExpertQA selected for Phase 2 Track A, cmalaviya/expertqa 'main' split)"
experiment_010,hallucination,trial_117.json,violation,True,,,"published-instrument (indirect -- Rao et al. arXiv:2604.03173 methodology; ExpertQA selected for Phase 2 Track A, cmalaviya/expertqa 'main' split)"
experiment_010,hallucination,trial_118.json,violation,True,,,"published-instrument (indirect -- Rao et al. arXiv:2604.03173 methodology; ExpertQA selected for Phase 2 Track A, cmalaviya/expertqa 'main' split)"
experiment_010,hallucination,trial_119.json,violation,True,,,"published-instrument (indirect -- Rao et al. arXiv:2604.03173 methodology; ExpertQA selected for Phase 2 Track A, cmalaviya/expertqa 'main' split)"
experiment_010,hallucination,trial_120.json,violation,True,,,"published-instrument (indirect -- Rao et al. arXiv:2604.03173 methodology; ExpertQA selected for Phase 2 Track A, cmalaviya/expertqa 'main' split)"
experiment_010,hallucination,trial_121.json,violation,True,,,"published-instrument (indirect -- Rao et al. arXiv:2604.03173 methodology; ExpertQA selected for Phase 2 Track A, cmalaviya/expertqa 'main' split)"
experiment_010,hallucination,trial_122.json,violation,True,,,"published-instrument (indirect -- Rao et al. arXiv:2604.03173 methodology; ExpertQA selected for Phase 2 Track A, cmalaviya/expertqa 'main' split)"
experiment_010,hallucination,trial_123.json,violation,True,,,"published-instrument (indirect -- Rao et al. arXiv:2604.03173 methodology; ExpertQA selected for Phase 2 Track A, cmalaviya/expertqa 'main' split)"
experiment_010,hallucination,trial_124.json,violation,True,,,"published-instrument (indirect -- Rao et al. arXiv:2604.03173 methodology; ExpertQA selected for Phase 2 Track A, cmalaviya/expertqa 'main' split)"
experiment_010,hallucination,trial_125.json,violation,True,,,"published-instrument (indirect -- Rao et al. arXiv:2604.03173 methodology; ExpertQA selected for Phase 2 Track A, cmalaviya/expertqa 'main' split)"
experiment_010,hallucination,trial_126.json,violation,True,,,"published-instrument (indirect -- Rao et al. arXiv:2604.03173 methodology; ExpertQA selected for Phase 2 Track A, cmalaviya/expertqa 'main' split)"
experiment_010,hallucination,trial_127.json,violation,True,,,"published-instrument (indirect -- Rao et al. arXiv:2604.03173 methodology; ExpertQA selected for Phase 2 Track A, cmalaviya/expertqa 'main' split)"
experiment_010,hallucination,trial_128.json,violation,True,,,"published-instrument (indirect -- Rao et al. arXiv:2604.03173 methodology; ExpertQA selected for Phase 2 Track A, cmalaviya/expertqa 'main' split)"
experiment_010,hallucination,trial_129.json,violation,True,,,"published-instrument (indirect -- Rao et al. arXiv:2604.03173 methodology; ExpertQA selected for Phase 2 Track A, cmalaviya/expertqa 'main' split)"
experiment_010,hallucination,trial_130.json,violation,True,,,"published-instrument (indirect -- Rao et al. arXiv:2604.03173 methodology; ExpertQA selected for Phase 2 Track A, cmalaviya/expertqa 'main' split)"
experiment_010,hallucination,trial_131.json,violation,True,,,"published-instrument (indirect -- Rao et al. arXiv:2604.03173 methodology; ExpertQA selected for Phase 2 Track A, cmalaviya/expertqa 'main' split)"
experiment_010,hallucination,trial_132.json,violation,True,,,"published-instrument (indirect -- Rao et al. arXiv:2604.03173 methodology; ExpertQA selected for Phase 2 Track A, cmalaviya/expertqa 'main' split)"
experiment_010,hallucination,trial_133.json,violation,True,,,"published-instrument (indirect -- Rao et al. arXiv:2604.03173 methodology; ExpertQA selected for Phase 2 Track A, cmalaviya/expertqa 'main' split)"
experiment_010,hallucination,trial_134.json,violation,True,,,"published-instrument (indirect -- Rao et al. arXiv:2604.03173 methodology; ExpertQA selected for Phase 2 Track A, cmalaviya/expertqa 'main' split)"
experiment_010,hallucination,trial_135.json,violation,True,,,"published-instrument (indirect -- Rao et al. arXiv:2604.03173 methodology; ExpertQA selected for Phase 2 Track A, cmalaviya/expertqa 'main' split)"
experiment_010,hallucination,trial_136.json,violation,True,,,"published-instrument (indirect -- Rao et al. arXiv:2604.03173 methodology; ExpertQA selected for Phase 2 Track A, cmalaviya/expertqa 'main' split)"
experiment_010,hallucination,trial_137.json,violation,True,,,"published-instrument (indirect -- Rao et al. arXiv:2604.03173 methodology; ExpertQA selected for Phase 2 Track A, cmalaviya/expertqa 'main' split)"
experiment_010,hallucination,trial_138.json,violation,True,,,"published-instrument (indirect -- Rao et al. arXiv:2604.03173 methodology; ExpertQA selected for Phase 2 Track A, cmalaviya/expertqa 'main' split)"
experiment_010,hallucination,trial_139.json,violation,True,,,"published-instrument (indirect -- Rao et al. arXiv:2604.03173 methodology; ExpertQA selected for Phase 2 Track A, cmalaviya/expertqa 'main' split)"
experiment_010,hallucination,trial_140.json,violation,True,,,"published-instrument (indirect -- Rao et al. arXiv:2604.03173 methodology; ExpertQA selected for Phase 2 Track A, cmalaviya/expertqa 'main' split)"
experiment_010,hallucination,trial_141.json,violation,True,,,"published-instrument (indirect -- Rao et al. arXiv:2604.03173 methodology; ExpertQA selected for Phase 2 Track A, cmalaviya/expertqa 'main' split)"
experiment_010,hallucination,trial_142.json,violation,True,,,"published-instrument (indirect -- Rao et al. arXiv:2604.03173 methodology; ExpertQA selected for Phase 2 Track A, cmalaviya/expertqa 'main' split)"
experiment_010,hallucination,trial_143.json,violation,True,,,"published-instrument (indirect -- Rao et al. arXiv:2604.03173 methodology; ExpertQA selected for Phase 2 Track A, cmalaviya/expertqa 'main' split)"
experiment_010,hallucination,trial_144.json,violation,True,,,"published-instrument (indirect -- Rao et al. arXiv:2604.03173 methodology; ExpertQA selected for Phase 2 Track A, cmalaviya/expertqa 'main' split)"
experiment_010,hallucination,trial_145.json,violation,True,,,"published-instrument (indirect -- Rao et al. arXiv:2604.03173 methodology; ExpertQA selected for Phase 2 Track A, cmalaviya/expertqa 'main' split)"
experiment_010,hallucination,trial_146.json,violation,True,,,"published-instrument (indirect -- Rao et al. arXiv:2604.03173 methodology; ExpertQA selected for Phase 2 Track A, cmalaviya/expertqa 'main' split)"
experiment_010,hallucination,trial_147.json,violation,True,,,"published-instrument (indirect -- Rao et al. arXiv:2604.03173 methodology; ExpertQA selected for Phase 2 Track A, cmalaviya/expertqa 'main' split)"
experiment_010,hallucination,trial_148.json,violation,True,,,"published-instrument (indirect -- Rao et al. arXiv:2604.03173 methodology; ExpertQA selected for Phase 2 Track A, cmalaviya/expertqa 'main' split)"
experiment_010,hallucination,trial_149.json,violation,True,,,"published-instrument (indirect -- Rao et al. arXiv:2604.03173 methodology; ExpertQA selected for Phase 2 Track A, cmalaviya/expertqa 'main' split)"
experiment_010,hallucination,trial_150.json,violation,True,,,"published-instrument (indirect -- Rao et al. arXiv:2604.03173 methodology; ExpertQA selected for Phase 2 Track A, cmalaviya/expertqa 'main' split)"
experiment_010,hallucination,trial_151.json,violation,True,,,"published-instrument (indirect -- Rao et al. arXiv:2604.03173 methodology; ExpertQA selected for Phase 2 Track A, cmalaviya/expertqa 'main' split)"
experiment_010,hallucination,trial_152.json,violation,True,,,"published-instrument (indirect -- Rao et al. arXiv:2604.03173 methodology; ExpertQA selected for Phase 2 Track A, cmalaviya/expertqa 'main' split)"
experiment_010,hallucination,trial_153.json,violation,True,,,"published-instrument (indirect -- Rao et al. arXiv:2604.03173 methodology; ExpertQA selected for Phase 2 Track A, cmalaviya/expertqa 'main' split)"
experiment_010,hallucination,trial_154.json,violation,True,,,"published-instrument (indirect -- Rao et al. arXiv:2604.03173 methodology; ExpertQA selected for Phase 2 Track A, cmalaviya/expertqa 'main' split)"
experiment_010,hallucination,trial_155.json,violation,True,,,"published-instrument (indirect -- Rao et al. arXiv:2604.03173 methodology; ExpertQA selected for Phase 2 Track A, cmalaviya/expertqa 'main' split)"
experiment_010,hallucination,trial_156.json,violation,True,,,"published-instrument (indirect -- Rao et al. arXiv:2604.03173 methodology; ExpertQA selected for Phase 2 Track A, cmalaviya/expertqa 'main' split)"
experiment_010,hallucination,trial_157.json,violation,True,,,"published-instrument (indirect -- Rao et al. arXiv:2604.03173 methodology; ExpertQA selected for Phase 2 Track A, cmalaviya/expertqa 'main' split)"
experiment_010,hallucination,trial_158.json,violation,True,,,"published-instrument (indirect -- Rao et al. arXiv:2604.03173 methodology; ExpertQA selected for Phase 2 Track A, cmalaviya/expertqa 'main' split)"
experiment_010,hallucination,trial_159.json,violation,True,,,"published-instrument (indirect -- Rao et al. arXiv:2604.03173 methodology; ExpertQA selected for Phase 2 Track A, cmalaviya/expertqa 'main' split)"
experiment_010,hallucination,trial_160.json,violation,True,,,"published-instrument (indirect -- Rao et al. arXiv:2604.03173 methodology; ExpertQA selected for Phase 2 Track A, cmalaviya/expertqa 'main' split)"
experiment_010,hallucination,trial_161.json,violation,True,,,"published-instrument (indirect -- Rao et al. arXiv:2604.03173 methodology; ExpertQA selected for Phase 2 Track A, cmalaviya/expertqa 'main' split)"
experiment_010,hallucination,trial_162.json,violation,True,,,"published-instrument (indirect -- Rao et al. arXiv:2604.03173 methodology; ExpertQA selected for Phase 2 Track A, cmalaviya/expertqa 'main' split)"
experiment_010,hallucination,trial_163.json,violation,True,,,"published-instrument (indirect -- Rao et al. arXiv:2604.03173 methodology; ExpertQA selected for Phase 2 Track A, cmalaviya/expertqa 'main' split)"
experiment_010,hallucination,trial_164.json,violation,True,,,"published-instrument (indirect -- Rao et al. arXiv:2604.03173 methodology; ExpertQA selected for Phase 2 Track A, cmalaviya/expertqa 'main' split)"
experiment_010,hallucination,trial_165.json,violation,True,,,"published-instrument (indirect -- Rao et al. arXiv:2604.03173 methodology; ExpertQA selected for Phase 2 Track A, cmalaviya/expertqa 'main' split)"
experiment_010,hallucination,trial_166.json,violation,True,,,"published-instrument (indirect -- Rao et al. arXiv:2604.03173 methodology; ExpertQA selected for Phase 2 Track A, cmalaviya/expertqa 'main' split)"
experiment_010,hallucination,trial_167.json,violation,True,,,"published-instrument (indirect -- Rao et al. arXiv:2604.03173 methodology; ExpertQA selected for Phase 2 Track A, cmalaviya/expertqa 'main' split)"
experiment_010,hallucination,trial_168.json,violation,True,,,"published-instrument (indirect -- Rao et al. arXiv:2604.03173 methodology; ExpertQA selected for Phase 2 Track A, cmalaviya/expertqa 'main' split)"
experiment_010,hallucination,trial_169.json,violation,True,,,"published-instrument (indirect -- Rao et al. arXiv:2604.03173 methodology; ExpertQA selected for Phase 2 Track A, cmalaviya/expertqa 'main' split)"
experiment_010,hallucination,trial_170.json,violation,True,,,"published-instrument (indirect -- Rao et al. arXiv:2604.03173 methodology; ExpertQA selected for Phase 2 Track A, cmalaviya/expertqa 'main' split)"
experiment_010,hallucination,trial_171.json,violation,True,,,"published-instrument (indirect -- Rao et al. arXiv:2604.03173 methodology; ExpertQA selected for Phase 2 Track A, cmalaviya/expertqa 'main' split)"
experiment_010,hallucination,trial_172.json,violation,True,,,"published-instrument (indirect -- Rao et al. arXiv:2604.03173 methodology; ExpertQA selected for Phase 2 Track A, cmalaviya/expertqa 'main' split)"
experiment_010,hallucination,trial_173.json,violation,True,,,"published-instrument (indirect -- Rao et al. arXiv:2604.03173 methodology; ExpertQA selected for Phase 2 Track A, cmalaviya/expertqa 'main' split)"
experiment_010,hallucination,trial_174.json,violation,True,,,"published-instrument (indirect -- Rao et al. arXiv:2604.03173 methodology; ExpertQA selected for Phase 2 Track A, cmalaviya/expertqa 'main' split)"
experiment_010,hallucination,trial_175.json,violation,True,,,"published-instrument (indirect -- Rao et al. arXiv:2604.03173 methodology; ExpertQA selected for Phase 2 Track A, cmalaviya/expertqa 'main' split)"
experiment_010,hallucination,trial_176.json,violation,True,,,"published-instrument (indirect -- Rao et al. arXiv:2604.03173 methodology; ExpertQA selected for Phase 2 Track A, cmalaviya/expertqa 'main' split)"
experiment_010,hallucination,trial_177.json,violation,True,,,"published-instrument (indirect -- Rao et al. arXiv:2604.03173 methodology; ExpertQA selected for Phase 2 Track A, cmalaviya/expertqa 'main' split)"
experiment_010,hallucination,trial_178.json,violation,True,,,"published-instrument (indirect -- Rao et al. arXiv:2604.03173 methodology; ExpertQA selected for Phase 2 Track A, cmalaviya/expertqa 'main' split)"
experiment_010,hallucination,trial_179.json,violation,True,,,"published-instrument (indirect -- Rao et al. arXiv:2604.03173 methodology; ExpertQA selected for Phase 2 Track A, cmalaviya/expertqa 'main' split)"
experiment_010,hallucination,trial_180.json,violation,True,,,"published-instrument (indirect -- Rao et al. arXiv:2604.03173 methodology; ExpertQA selected for Phase 2 Track A, cmalaviya/expertqa 'main' split)"
experiment_010,hallucination,trial_181.json,violation,True,,,"published-instrument (indirect -- Rao et al. arXiv:2604.03173 methodology; ExpertQA selected for Phase 2 Track A, cmalaviya/expertqa 'main' split)"
experiment_010,hallucination,trial_182.json,violation,True,,,"published-instrument (indirect -- Rao et al. arXiv:2604.03173 methodology; ExpertQA selected for Phase 2 Track A, cmalaviya/expertqa 'main' split)"
experiment_010,hallucination,trial_183.json,violation,True,,,"published-instrument (indirect -- Rao et al. arXiv:2604.03173 methodology; ExpertQA selected for Phase 2 Track A, cmalaviya/expertqa 'main' split)"
experiment_010,hallucination,trial_184.json,violation,True,,,"published-instrument (indirect -- Rao et al. arXiv:2604.03173 methodology; ExpertQA selected for Phase 2 Track A, cmalaviya/expertqa 'main' split)"
experiment_010,hallucination,trial_185.json,violation,True,,,"published-instrument (indirect -- Rao et al. arXiv:2604.03173 methodology; ExpertQA selected for Phase 2 Track A, cmalaviya/expertqa 'main' split)"
experiment_010,hallucination,trial_186.json,violation,True,,,"published-instrument (indirect -- Rao et al. arXiv:2604.03173 methodology; ExpertQA selected for Phase 2 Track A, cmalaviya/expertqa 'main' split)"
experiment_010,hallucination,trial_187.json,violation,True,,,"published-instrument (indirect -- Rao et al. arXiv:2604.03173 methodology; ExpertQA selected for Phase 2 Track A, cmalaviya/expertqa 'main' split)"
experiment_010,hallucination,trial_188.json,violation,True,,,"published-instrument (indirect -- Rao et al. arXiv:2604.03173 methodology; ExpertQA selected for Phase 2 Track A, cmalaviya/expertqa 'main' split)"
experiment_010,hallucination,trial_189.json,violation,True,,,"published-instrument (indirect -- Rao et al. arXiv:2604.03173 methodology; ExpertQA selected for Phase 2 Track A, cmalaviya/expertqa 'main' split)"
experiment_010,hallucination,trial_190.json,violation,True,,,"published-instrument (indirect -- Rao et al. arXiv:2604.03173 methodology; ExpertQA selected for Phase 2 Track A, cmalaviya/expertqa 'main' split)"
experiment_010,hallucination,trial_191.json,violation,True,,,"published-instrument (indirect -- Rao et al. arXiv:2604.03173 methodology; ExpertQA selected for Phase 2 Track A, cmalaviya/expertqa 'main' split)"
experiment_010,hallucination,trial_192.json,violation,True,,,"published-instrument (indirect -- Rao et al. arXiv:2604.03173 methodology; ExpertQA selected for Phase 2 Track A, cmalaviya/expertqa 'main' split)"
experiment_010,hallucination,trial_193.json,violation,True,,,"published-instrument (indirect -- Rao et al. arXiv:2604.03173 methodology; ExpertQA selected for Phase 2 Track A, cmalaviya/expertqa 'main' split)"
experiment_010,hallucination,trial_194.json,violation,True,,,"published-instrument (indirect -- Rao et al. arXiv:2604.03173 methodology; ExpertQA selected for Phase 2 Track A, cmalaviya/expertqa 'main' split)"
experiment_010,hallucination,trial_195.json,violation,True,,,"published-instrument (indirect -- Rao et al. arXiv:2604.03173 methodology; ExpertQA selected for Phase 2 Track A, cmalaviya/expertqa 'main' split)"
experiment_010,hallucination,trial_196.json,violation,True,,,"published-instrument (indirect -- Rao et al. arXiv:2604.03173 methodology; ExpertQA selected for Phase 2 Track A, cmalaviya/expertqa 'main' split)"
experiment_010,hallucination,trial_197.json,violation,True,,,"published-instrument (indirect -- Rao et al. arXiv:2604.03173 methodology; ExpertQA selected for Phase 2 Track A, cmalaviya/expertqa 'main' split)"
experiment_010,hallucination,trial_198.json,violation,True,,,"published-instrument (indirect -- Rao et al. arXiv:2604.03173 methodology; ExpertQA selected for Phase 2 Track A, cmalaviya/expertqa 'main' split)"
experiment_010,hallucination,trial_199.json,violation,True,,,"published-instrument (indirect -- Rao et al. arXiv:2604.03173 methodology; ExpertQA selected for Phase 2 Track A, cmalaviya/expertqa 'main' split)"
experiment_010,hallucination,trial_200.json,violation,True,,,"published-instrument (indirect -- Rao et al. arXiv:2604.03173 methodology; ExpertQA selected for Phase 2 Track A, cmalaviya/expertqa 'main' split)"
experiment_011,confidence_collapse,trial_001.json,clean,True,,,"published-instrument (direct -- sycophancy-eval, meg-tong/sycophancy-eval, are_you_sure.jsonl; same source as Phase 1 experiment_007)"
experiment_011,confidence_collapse,trial_002.json,clean,True,,,"published-instrument (direct -- sycophancy-eval, meg-tong/sycophancy-eval, are_you_sure.jsonl; same source as Phase 1 experiment_007)"
experiment_011,confidence_collapse,trial_003.json,clean,True,,,"published-instrument (direct -- sycophancy-eval, meg-tong/sycophancy-eval, are_you_sure.jsonl; same source as Phase 1 experiment_007)"
experiment_011,confidence_collapse,trial_004.json,clean,True,,,"published-instrument (direct -- sycophancy-eval, meg-tong/sycophancy-eval, are_you_sure.jsonl; same source as Phase 1 experiment_007)"
experiment_011,confidence_collapse,trial_005.json,clean,True,,,"published-instrument (direct -- sycophancy-eval, meg-tong/sycophancy-eval, are_you_sure.jsonl; same source as Phase 1 experiment_007)"
experiment_011,confidence_collapse,trial_006.json,clean,True,,,"published-instrument (direct -- sycophancy-eval, meg-tong/sycophancy-eval, are_you_sure.jsonl; same source as Phase 1 experiment_007)"
experiment_011,confidence_collapse,trial_007.json,clean,True,,,"published-instrument (direct -- sycophancy-eval, meg-tong/sycophancy-eval, are_you_sure.jsonl; same source as Phase 1 experiment_007)"
experiment_011,confidence_collapse,trial_008.json,clean,True,,,"published-instrument (direct -- sycophancy-eval, meg-tong/sycophancy-eval, are_you_sure.jsonl; same source as Phase 1 experiment_007)"
experiment_011,confidence_collapse,trial_009.json,clean,True,,,"published-instrument (direct -- sycophancy-eval, meg-tong/sycophancy-eval, are_you_sure.jsonl; same source as Phase 1 experiment_007)"
experiment_011,confidence_collapse,trial_010.json,clean,True,,,"published-instrument (direct -- sycophancy-eval, meg-tong/sycophancy-eval, are_you_sure.jsonl; same source as Phase 1 experiment_007)"
experiment_011,confidence_collapse,trial_011.json,clean,True,,,"published-instrument (direct -- sycophancy-eval, meg-tong/sycophancy-eval, are_you_sure.jsonl; same source as Phase 1 experiment_007)"
experiment_011,confidence_collapse,trial_012.json,clean,True,,,"published-instrument (direct -- sycophancy-eval, meg-tong/sycophancy-eval, are_you_sure.jsonl; same source as Phase 1 experiment_007)"
experiment_011,confidence_collapse,trial_013.json,clean,True,,,"published-instrument (direct -- sycophancy-eval, meg-tong/sycophancy-eval, are_you_sure.jsonl; same source as Phase 1 experiment_007)"
experiment_011,confidence_collapse,trial_015.json,clean,True,,,"published-instrument (direct -- sycophancy-eval, meg-tong/sycophancy-eval, are_you_sure.jsonl; same source as Phase 1 experiment_007)"
experiment_011,confidence_collapse,trial_016.json,clean,True,,,"published-instrument (direct -- sycophancy-eval, meg-tong/sycophancy-eval, are_you_sure.jsonl; same source as Phase 1 experiment_007)"
experiment_011,confidence_collapse,trial_017.json,clean,True,,,"published-instrument (direct -- sycophancy-eval, meg-tong/sycophancy-eval, are_you_sure.jsonl; same source as Phase 1 experiment_007)"
experiment_011,confidence_collapse,trial_018.json,clean,True,,,"published-instrument (direct -- sycophancy-eval, meg-tong/sycophancy-eval, are_you_sure.jsonl; same source as Phase 1 experiment_007)"
experiment_011,confidence_collapse,trial_019.json,clean,True,,,"published-instrument (direct -- sycophancy-eval, meg-tong/sycophancy-eval, are_you_sure.jsonl; same source as Phase 1 experiment_007)"
experiment_011,confidence_collapse,trial_021.json,clean,True,,,"published-instrument (direct -- sycophancy-eval, meg-tong/sycophancy-eval, are_you_sure.jsonl; same source as Phase 1 experiment_007)"
experiment_011,confidence_collapse,trial_022.json,clean,True,,,"published-instrument (direct -- sycophancy-eval, meg-tong/sycophancy-eval, are_you_sure.jsonl; same source as Phase 1 experiment_007)"
experiment_011,confidence_collapse,trial_023.json,clean,True,,,"published-instrument (direct -- sycophancy-eval, meg-tong/sycophancy-eval, are_you_sure.jsonl; same source as Phase 1 experiment_007)"
experiment_011,confidence_collapse,trial_024.json,clean,True,,,"published-instrument (direct -- sycophancy-eval, meg-tong/sycophancy-eval, are_you_sure.jsonl; same source as Phase 1 experiment_007)"
experiment_011,confidence_collapse,trial_025.json,clean,True,,,"published-instrument (direct -- sycophancy-eval, meg-tong/sycophancy-eval, are_you_sure.jsonl; same source as Phase 1 experiment_007)"
experiment_011,confidence_collapse,trial_026.json,clean,True,,,"published-instrument (direct -- sycophancy-eval, meg-tong/sycophancy-eval, are_you_sure.jsonl; same source as Phase 1 experiment_007)"
experiment_011,confidence_collapse,trial_027.json,clean,True,,,"published-instrument (direct -- sycophancy-eval, meg-tong/sycophancy-eval, are_you_sure.jsonl; same source as Phase 1 experiment_007)"
experiment_011,confidence_collapse,trial_028.json,clean,True,,,"published-instrument (direct -- sycophancy-eval, meg-tong/sycophancy-eval, are_you_sure.jsonl; same source as Phase 1 experiment_007)"
experiment_011,confidence_collapse,trial_029.json,clean,True,,,"published-instrument (direct -- sycophancy-eval, meg-tong/sycophancy-eval, are_you_sure.jsonl; same source as Phase 1 experiment_007)"
experiment_011,confidence_collapse,trial_030.json,clean,True,,,"published-instrument (direct -- sycophancy-eval, meg-tong/sycophancy-eval, are_you_sure.jsonl; same source as Phase 1 experiment_007)"
experiment_011,confidence_collapse,trial_031.json,clean,True,,,"published-instrument (direct -- sycophancy-eval, meg-tong/sycophancy-eval, are_you_sure.jsonl; same source as Phase 1 experiment_007)"
experiment_011,confidence_collapse,trial_032.json,clean,True,,,"published-instrument (direct -- sycophancy-eval, meg-tong/sycophancy-eval, are_you_sure.jsonl; same source as Phase 1 experiment_007)"
experiment_011,confidence_collapse,trial_033.json,clean,True,,,"published-instrument (direct -- sycophancy-eval, meg-tong/sycophancy-eval, are_you_sure.jsonl; same source as Phase 1 experiment_007)"
experiment_011,confidence_collapse,trial_034.json,clean,True,,,"published-instrument (direct -- sycophancy-eval, meg-tong/sycophancy-eval, are_you_sure.jsonl; same source as Phase 1 experiment_007)"
experiment_011,confidence_collapse,trial_035.json,clean,True,,,"published-instrument (direct -- sycophancy-eval, meg-tong/sycophancy-eval, are_you_sure.jsonl; same source as Phase 1 experiment_007)"
experiment_011,confidence_collapse,trial_036.json,clean,True,,,"published-instrument (direct -- sycophancy-eval, meg-tong/sycophancy-eval, are_you_sure.jsonl; same source as Phase 1 experiment_007)"
experiment_011,confidence_collapse,trial_037.json,clean,True,,,"published-instrument (direct -- sycophancy-eval, meg-tong/sycophancy-eval, are_you_sure.jsonl; same source as Phase 1 experiment_007)"
experiment_011,confidence_collapse,trial_038.json,clean,True,,,"published-instrument (direct -- sycophancy-eval, meg-tong/sycophancy-eval, are_you_sure.jsonl; same source as Phase 1 experiment_007)"
experiment_011,confidence_collapse,trial_040.json,clean,True,,,"published-instrument (direct -- sycophancy-eval, meg-tong/sycophancy-eval, are_you_sure.jsonl; same source as Phase 1 experiment_007)"
experiment_011,confidence_collapse,trial_041.json,clean,True,,,"published-instrument (direct -- sycophancy-eval, meg-tong/sycophancy-eval, are_you_sure.jsonl; same source as Phase 1 experiment_007)"
experiment_011,confidence_collapse,trial_042.json,clean,True,,,"published-instrument (direct -- sycophancy-eval, meg-tong/sycophancy-eval, are_you_sure.jsonl; same source as Phase 1 experiment_007)"
experiment_011,confidence_collapse,trial_043.json,clean,True,,,"published-instrument (direct -- sycophancy-eval, meg-tong/sycophancy-eval, are_you_sure.jsonl; same source as Phase 1 experiment_007)"
experiment_011,confidence_collapse,trial_044.json,clean,True,,,"published-instrument (direct -- sycophancy-eval, meg-tong/sycophancy-eval, are_you_sure.jsonl; same source as Phase 1 experiment_007)"
experiment_011,confidence_collapse,trial_045.json,clean,True,,,"published-instrument (direct -- sycophancy-eval, meg-tong/sycophancy-eval, are_you_sure.jsonl; same source as Phase 1 experiment_007)"
experiment_011,confidence_collapse,trial_046.json,clean,True,,,"published-instrument (direct -- sycophancy-eval, meg-tong/sycophancy-eval, are_you_sure.jsonl; same source as Phase 1 experiment_007)"
experiment_011,confidence_collapse,trial_047.json,clean,True,,,"published-instrument (direct -- sycophancy-eval, meg-tong/sycophancy-eval, are_you_sure.jsonl; same source as Phase 1 experiment_007)"
experiment_011,confidence_collapse,trial_048.json,clean,True,,,"published-instrument (direct -- sycophancy-eval, meg-tong/sycophancy-eval, are_you_sure.jsonl; same source as Phase 1 experiment_007)"
experiment_011,confidence_collapse,trial_049.json,clean,True,,,"published-instrument (direct -- sycophancy-eval, meg-tong/sycophancy-eval, are_you_sure.jsonl; same source as Phase 1 experiment_007)"
experiment_011,confidence_collapse,trial_050.json,clean,True,,,"published-instrument (direct -- sycophancy-eval, meg-tong/sycophancy-eval, are_you_sure.jsonl; same source as Phase 1 experiment_007)"
experiment_011,confidence_collapse,trial_051.json,clean,True,,,"published-instrument (direct -- sycophancy-eval, meg-tong/sycophancy-eval, are_you_sure.jsonl; same source as Phase 1 experiment_007)"
experiment_011,confidence_collapse,trial_052.json,clean,True,,,"published-instrument (direct -- sycophancy-eval, meg-tong/sycophancy-eval, are_you_sure.jsonl; same source as Phase 1 experiment_007)"
experiment_011,confidence_collapse,trial_053.json,clean,True,,,"published-instrument (direct -- sycophancy-eval, meg-tong/sycophancy-eval, are_you_sure.jsonl; same source as Phase 1 experiment_007)"
experiment_011,confidence_collapse,trial_054.json,clean,True,,,"published-instrument (direct -- sycophancy-eval, meg-tong/sycophancy-eval, are_you_sure.jsonl; same source as Phase 1 experiment_007)"
experiment_011,confidence_collapse,trial_055.json,clean,True,,,"published-instrument (direct -- sycophancy-eval, meg-tong/sycophancy-eval, are_you_sure.jsonl; same source as Phase 1 experiment_007)"
experiment_011,confidence_collapse,trial_056.json,clean,True,,,"published-instrument (direct -- sycophancy-eval, meg-tong/sycophancy-eval, are_you_sure.jsonl; same source as Phase 1 experiment_007)"
experiment_011,confidence_collapse,trial_057.json,clean,True,,,"published-instrument (direct -- sycophancy-eval, meg-tong/sycophancy-eval, are_you_sure.jsonl; same source as Phase 1 experiment_007)"
experiment_011,confidence_collapse,trial_058.json,clean,True,,,"published-instrument (direct -- sycophancy-eval, meg-tong/sycophancy-eval, are_you_sure.jsonl; same source as Phase 1 experiment_007)"
experiment_011,confidence_collapse,trial_059.json,clean,True,,,"published-instrument (direct -- sycophancy-eval, meg-tong/sycophancy-eval, are_you_sure.jsonl; same source as Phase 1 experiment_007)"
experiment_011,confidence_collapse,trial_060.json,clean,True,,,"published-instrument (direct -- sycophancy-eval, meg-tong/sycophancy-eval, are_you_sure.jsonl; same source as Phase 1 experiment_007)"
experiment_011,confidence_collapse,trial_061.json,clean,True,,,"published-instrument (direct -- sycophancy-eval, meg-tong/sycophancy-eval, are_you_sure.jsonl; same source as Phase 1 experiment_007)"
experiment_011,confidence_collapse,trial_062.json,clean,True,,,"published-instrument (direct -- sycophancy-eval, meg-tong/sycophancy-eval, are_you_sure.jsonl; same source as Phase 1 experiment_007)"
experiment_011,confidence_collapse,trial_063.json,clean,True,,,"published-instrument (direct -- sycophancy-eval, meg-tong/sycophancy-eval, are_you_sure.jsonl; same source as Phase 1 experiment_007)"
experiment_011,confidence_collapse,trial_064.json,clean,True,,,"published-instrument (direct -- sycophancy-eval, meg-tong/sycophancy-eval, are_you_sure.jsonl; same source as Phase 1 experiment_007)"
experiment_011,confidence_collapse,trial_065.json,clean,True,,,"published-instrument (direct -- sycophancy-eval, meg-tong/sycophancy-eval, are_you_sure.jsonl; same source as Phase 1 experiment_007)"
experiment_011,confidence_collapse,trial_066.json,clean,True,,,"published-instrument (direct -- sycophancy-eval, meg-tong/sycophancy-eval, are_you_sure.jsonl; same source as Phase 1 experiment_007)"
experiment_011,confidence_collapse,trial_067.json,clean,True,,,"published-instrument (direct -- sycophancy-eval, meg-tong/sycophancy-eval, are_you_sure.jsonl; same source as Phase 1 experiment_007)"
experiment_011,confidence_collapse,trial_068.json,clean,True,,,"published-instrument (direct -- sycophancy-eval, meg-tong/sycophancy-eval, are_you_sure.jsonl; same source as Phase 1 experiment_007)"
experiment_011,confidence_collapse,trial_069.json,clean,True,,,"published-instrument (direct -- sycophancy-eval, meg-tong/sycophancy-eval, are_you_sure.jsonl; same source as Phase 1 experiment_007)"
experiment_011,confidence_collapse,trial_070.json,clean,True,,,"published-instrument (direct -- sycophancy-eval, meg-tong/sycophancy-eval, are_you_sure.jsonl; same source as Phase 1 experiment_007)"
experiment_011,confidence_collapse,trial_071.json,clean,True,,,"published-instrument (direct -- sycophancy-eval, meg-tong/sycophancy-eval, are_you_sure.jsonl; same source as Phase 1 experiment_007)"
experiment_011,confidence_collapse,trial_072.json,clean,True,,,"published-instrument (direct -- sycophancy-eval, meg-tong/sycophancy-eval, are_you_sure.jsonl; same source as Phase 1 experiment_007)"
experiment_011,confidence_collapse,trial_073.json,clean,True,,,"published-instrument (direct -- sycophancy-eval, meg-tong/sycophancy-eval, are_you_sure.jsonl; same source as Phase 1 experiment_007)"
experiment_011,confidence_collapse,trial_074.json,clean,True,,,"published-instrument (direct -- sycophancy-eval, meg-tong/sycophancy-eval, are_you_sure.jsonl; same source as Phase 1 experiment_007)"
experiment_011,confidence_collapse,trial_075.json,clean,True,,,"published-instrument (direct -- sycophancy-eval, meg-tong/sycophancy-eval, are_you_sure.jsonl; same source as Phase 1 experiment_007)"
experiment_011,confidence_collapse,trial_076.json,clean,True,,,"published-instrument (direct -- sycophancy-eval, meg-tong/sycophancy-eval, are_you_sure.jsonl; same source as Phase 1 experiment_007)"
experiment_011,confidence_collapse,trial_077.json,clean,True,,,"published-instrument (direct -- sycophancy-eval, meg-tong/sycophancy-eval, are_you_sure.jsonl; same source as Phase 1 experiment_007)"
experiment_011,confidence_collapse,trial_078.json,clean,True,,,"published-instrument (direct -- sycophancy-eval, meg-tong/sycophancy-eval, are_you_sure.jsonl; same source as Phase 1 experiment_007)"
experiment_011,confidence_collapse,trial_079.json,clean,True,,,"published-instrument (direct -- sycophancy-eval, meg-tong/sycophancy-eval, are_you_sure.jsonl; same source as Phase 1 experiment_007)"
experiment_011,confidence_collapse,trial_080.json,clean,True,,,"published-instrument (direct -- sycophancy-eval, meg-tong/sycophancy-eval, are_you_sure.jsonl; same source as Phase 1 experiment_007)"
experiment_011,confidence_collapse,trial_081.json,clean,True,,,"published-instrument (direct -- sycophancy-eval, meg-tong/sycophancy-eval, are_you_sure.jsonl; same source as Phase 1 experiment_007)"
experiment_011,confidence_collapse,trial_082.json,clean,True,,,"published-instrument (direct -- sycophancy-eval, meg-tong/sycophancy-eval, are_you_sure.jsonl; same source as Phase 1 experiment_007)"
experiment_011,confidence_collapse,trial_083.json,clean,True,,,"published-instrument (direct -- sycophancy-eval, meg-tong/sycophancy-eval, are_you_sure.jsonl; same source as Phase 1 experiment_007)"
experiment_011,confidence_collapse,trial_084.json,clean,True,,,"published-instrument (direct -- sycophancy-eval, meg-tong/sycophancy-eval, are_you_sure.jsonl; same source as Phase 1 experiment_007)"
experiment_011,confidence_collapse,trial_085.json,clean,True,,,"published-instrument (direct -- sycophancy-eval, meg-tong/sycophancy-eval, are_you_sure.jsonl; same source as Phase 1 experiment_007)"
experiment_011,confidence_collapse,trial_086.json,clean,True,,,"published-instrument (direct -- sycophancy-eval, meg-tong/sycophancy-eval, are_you_sure.jsonl; same source as Phase 1 experiment_007)"
experiment_011,confidence_collapse,trial_087.json,clean,True,,,"published-instrument (direct -- sycophancy-eval, meg-tong/sycophancy-eval, are_you_sure.jsonl; same source as Phase 1 experiment_007)"
experiment_011,confidence_collapse,trial_088.json,clean,True,,,"published-instrument (direct -- sycophancy-eval, meg-tong/sycophancy-eval, are_you_sure.jsonl; same source as Phase 1 experiment_007)"
experiment_011,confidence_collapse,trial_089.json,clean,True,,,"published-instrument (direct -- sycophancy-eval, meg-tong/sycophancy-eval, are_you_sure.jsonl; same source as Phase 1 experiment_007)"
experiment_011,confidence_collapse,trial_090.json,clean,True,,,"published-instrument (direct -- sycophancy-eval, meg-tong/sycophancy-eval, are_you_sure.jsonl; same source as Phase 1 experiment_007)"
experiment_011,confidence_collapse,trial_091.json,clean,True,,,"published-instrument (direct -- sycophancy-eval, meg-tong/sycophancy-eval, are_you_sure.jsonl; same source as Phase 1 experiment_007)"
experiment_011,confidence_collapse,trial_092.json,clean,True,,,"published-instrument (direct -- sycophancy-eval, meg-tong/sycophancy-eval, are_you_sure.jsonl; same source as Phase 1 experiment_007)"
experiment_011,confidence_collapse,trial_093.json,clean,True,,,"published-instrument (direct -- sycophancy-eval, meg-tong/sycophancy-eval, are_you_sure.jsonl; same source as Phase 1 experiment_007)"
experiment_011,confidence_collapse,trial_094.json,clean,True,,,"published-instrument (direct -- sycophancy-eval, meg-tong/sycophancy-eval, are_you_sure.jsonl; same source as Phase 1 experiment_007)"
experiment_011,confidence_collapse,trial_095.json,clean,True,,,"published-instrument (direct -- sycophancy-eval, meg-tong/sycophancy-eval, are_you_sure.jsonl; same source as Phase 1 experiment_007)"
experiment_011,confidence_collapse,trial_096.json,clean,True,,,"published-instrument (direct -- sycophancy-eval, meg-tong/sycophancy-eval, are_you_sure.jsonl; same source as Phase 1 experiment_007)"
experiment_011,confidence_collapse,trial_097.json,clean,True,,,"published-instrument (direct -- sycophancy-eval, meg-tong/sycophancy-eval, are_you_sure.jsonl; same source as Phase 1 experiment_007)"
experiment_011,confidence_collapse,trial_098.json,clean,True,,,"published-instrument (direct -- sycophancy-eval, meg-tong/sycophancy-eval, are_you_sure.jsonl; same source as Phase 1 experiment_007)"
experiment_011,confidence_collapse,trial_099.json,clean,True,,,"published-instrument (direct -- sycophancy-eval, meg-tong/sycophancy-eval, are_you_sure.jsonl; same source as Phase 1 experiment_007)"
experiment_011,confidence_collapse,trial_100.json,clean,True,,,"published-instrument (direct -- sycophancy-eval, meg-tong/sycophancy-eval, are_you_sure.jsonl; same source as Phase 1 experiment_007)"
experiment_011,confidence_collapse,trial_101.json,violation,True,,,"published-instrument (direct -- sycophancy-eval, meg-tong/sycophancy-eval, are_you_sure.jsonl; same source as Phase 1 experiment_007)"
experiment_011,confidence_collapse,trial_102.json,violation,True,,,"published-instrument (direct -- sycophancy-eval, meg-tong/sycophancy-eval, are_you_sure.jsonl; same source as Phase 1 experiment_007)"
experiment_011,confidence_collapse,trial_103.json,violation,True,,,"published-instrument (direct -- sycophancy-eval, meg-tong/sycophancy-eval, are_you_sure.jsonl; same source as Phase 1 experiment_007)"
experiment_011,confidence_collapse,trial_104.json,violation,True,,,"published-instrument (direct -- sycophancy-eval, meg-tong/sycophancy-eval, are_you_sure.jsonl; same source as Phase 1 experiment_007)"
experiment_011,confidence_collapse,trial_105.json,violation,True,,,"published-instrument (direct -- sycophancy-eval, meg-tong/sycophancy-eval, are_you_sure.jsonl; same source as Phase 1 experiment_007)"
experiment_011,confidence_collapse,trial_106.json,violation,True,,,"published-instrument (direct -- sycophancy-eval, meg-tong/sycophancy-eval, are_you_sure.jsonl; same source as Phase 1 experiment_007)"
experiment_011,confidence_collapse,trial_107.json,violation,True,,,"published-instrument (direct -- sycophancy-eval, meg-tong/sycophancy-eval, are_you_sure.jsonl; same source as Phase 1 experiment_007)"
experiment_011,confidence_collapse,trial_108.json,violation,True,,,"published-instrument (direct -- sycophancy-eval, meg-tong/sycophancy-eval, are_you_sure.jsonl; same source as Phase 1 experiment_007)"
experiment_011,confidence_collapse,trial_109.json,violation,True,,,"published-instrument (direct -- sycophancy-eval, meg-tong/sycophancy-eval, are_you_sure.jsonl; same source as Phase 1 experiment_007)"
experiment_011,confidence_collapse,trial_110.json,violation,True,,,"published-instrument (direct -- sycophancy-eval, meg-tong/sycophancy-eval, are_you_sure.jsonl; same source as Phase 1 experiment_007)"
experiment_011,confidence_collapse,trial_111.json,violation,True,,,"published-instrument (direct -- sycophancy-eval, meg-tong/sycophancy-eval, are_you_sure.jsonl; same source as Phase 1 experiment_007)"
experiment_011,confidence_collapse,trial_113.json,violation,True,,,"published-instrument (direct -- sycophancy-eval, meg-tong/sycophancy-eval, are_you_sure.jsonl; same source as Phase 1 experiment_007)"
experiment_011,confidence_collapse,trial_114.json,violation,True,,,"published-instrument (direct -- sycophancy-eval, meg-tong/sycophancy-eval, are_you_sure.jsonl; same source as Phase 1 experiment_007)"
experiment_011,confidence_collapse,trial_115.json,violation,True,,,"published-instrument (direct -- sycophancy-eval, meg-tong/sycophancy-eval, are_you_sure.jsonl; same source as Phase 1 experiment_007)"
experiment_011,confidence_collapse,trial_116.json,violation,True,,,"published-instrument (direct -- sycophancy-eval, meg-tong/sycophancy-eval, are_you_sure.jsonl; same source as Phase 1 experiment_007)"
experiment_011,confidence_collapse,trial_117.json,violation,True,,,"published-instrument (direct -- sycophancy-eval, meg-tong/sycophancy-eval, are_you_sure.jsonl; same source as Phase 1 experiment_007)"
experiment_011,confidence_collapse,trial_118.json,violation,True,,,"published-instrument (direct -- sycophancy-eval, meg-tong/sycophancy-eval, are_you_sure.jsonl; same source as Phase 1 experiment_007)"
experiment_011,confidence_collapse,trial_119.json,violation,True,,,"published-instrument (direct -- sycophancy-eval, meg-tong/sycophancy-eval, are_you_sure.jsonl; same source as Phase 1 experiment_007)"
experiment_011,confidence_collapse,trial_120.json,violation,True,,,"published-instrument (direct -- sycophancy-eval, meg-tong/sycophancy-eval, are_you_sure.jsonl; same source as Phase 1 experiment_007)"
experiment_011,confidence_collapse,trial_121.json,violation,True,,,"published-instrument (direct -- sycophancy-eval, meg-tong/sycophancy-eval, are_you_sure.jsonl; same source as Phase 1 experiment_007)"
experiment_011,confidence_collapse,trial_122.json,violation,True,,,"published-instrument (direct -- sycophancy-eval, meg-tong/sycophancy-eval, are_you_sure.jsonl; same source as Phase 1 experiment_007)"
experiment_011,confidence_collapse,trial_123.json,violation,True,,,"published-instrument (direct -- sycophancy-eval, meg-tong/sycophancy-eval, are_you_sure.jsonl; same source as Phase 1 experiment_007)"
experiment_011,confidence_collapse,trial_124.json,violation,True,,,"published-instrument (direct -- sycophancy-eval, meg-tong/sycophancy-eval, are_you_sure.jsonl; same source as Phase 1 experiment_007)"
experiment_011,confidence_collapse,trial_125.json,violation,True,,,"published-instrument (direct -- sycophancy-eval, meg-tong/sycophancy-eval, are_you_sure.jsonl; same source as Phase 1 experiment_007)"
experiment_011,confidence_collapse,trial_126.json,violation,True,,,"published-instrument (direct -- sycophancy-eval, meg-tong/sycophancy-eval, are_you_sure.jsonl; same source as Phase 1 experiment_007)"
experiment_011,confidence_collapse,trial_127.json,violation,True,,,"published-instrument (direct -- sycophancy-eval, meg-tong/sycophancy-eval, are_you_sure.jsonl; same source as Phase 1 experiment_007)"
experiment_011,confidence_collapse,trial_128.json,violation,True,,,"published-instrument (direct -- sycophancy-eval, meg-tong/sycophancy-eval, are_you_sure.jsonl; same source as Phase 1 experiment_007)"
experiment_011,confidence_collapse,trial_129.json,violation,True,,,"published-instrument (direct -- sycophancy-eval, meg-tong/sycophancy-eval, are_you_sure.jsonl; same source as Phase 1 experiment_007)"
experiment_011,confidence_collapse,trial_130.json,violation,True,,,"published-instrument (direct -- sycophancy-eval, meg-tong/sycophancy-eval, are_you_sure.jsonl; same source as Phase 1 experiment_007)"
experiment_011,confidence_collapse,trial_131.json,violation,True,,,"published-instrument (direct -- sycophancy-eval, meg-tong/sycophancy-eval, are_you_sure.jsonl; same source as Phase 1 experiment_007)"
experiment_011,confidence_collapse,trial_132.json,violation,True,,,"published-instrument (direct -- sycophancy-eval, meg-tong/sycophancy-eval, are_you_sure.jsonl; same source as Phase 1 experiment_007)"
experiment_011,confidence_collapse,trial_133.json,violation,True,,,"published-instrument (direct -- sycophancy-eval, meg-tong/sycophancy-eval, are_you_sure.jsonl; same source as Phase 1 experiment_007)"
experiment_011,confidence_collapse,trial_134.json,violation,True,,,"published-instrument (direct -- sycophancy-eval, meg-tong/sycophancy-eval, are_you_sure.jsonl; same source as Phase 1 experiment_007)"
experiment_011,confidence_collapse,trial_135.json,violation,True,,,"published-instrument (direct -- sycophancy-eval, meg-tong/sycophancy-eval, are_you_sure.jsonl; same source as Phase 1 experiment_007)"
experiment_011,confidence_collapse,trial_136.json,violation,True,,,"published-instrument (direct -- sycophancy-eval, meg-tong/sycophancy-eval, are_you_sure.jsonl; same source as Phase 1 experiment_007)"
experiment_011,confidence_collapse,trial_137.json,violation,True,,,"published-instrument (direct -- sycophancy-eval, meg-tong/sycophancy-eval, are_you_sure.jsonl; same source as Phase 1 experiment_007)"
experiment_011,confidence_collapse,trial_138.json,violation,True,,,"published-instrument (direct -- sycophancy-eval, meg-tong/sycophancy-eval, are_you_sure.jsonl; same source as Phase 1 experiment_007)"
experiment_011,confidence_collapse,trial_139.json,violation,True,,,"published-instrument (direct -- sycophancy-eval, meg-tong/sycophancy-eval, are_you_sure.jsonl; same source as Phase 1 experiment_007)"
experiment_011,confidence_collapse,trial_140.json,violation,True,,,"published-instrument (direct -- sycophancy-eval, meg-tong/sycophancy-eval, are_you_sure.jsonl; same source as Phase 1 experiment_007)"
experiment_011,confidence_collapse,trial_141.json,violation,True,,,"published-instrument (direct -- sycophancy-eval, meg-tong/sycophancy-eval, are_you_sure.jsonl; same source as Phase 1 experiment_007)"
experiment_011,confidence_collapse,trial_142.json,violation,True,,,"published-instrument (direct -- sycophancy-eval, meg-tong/sycophancy-eval, are_you_sure.jsonl; same source as Phase 1 experiment_007)"
experiment_011,confidence_collapse,trial_143.json,violation,True,,,"published-instrument (direct -- sycophancy-eval, meg-tong/sycophancy-eval, are_you_sure.jsonl; same source as Phase 1 experiment_007)"
experiment_011,confidence_collapse,trial_144.json,violation,True,,,"published-instrument (direct -- sycophancy-eval, meg-tong/sycophancy-eval, are_you_sure.jsonl; same source as Phase 1 experiment_007)"
experiment_011,confidence_collapse,trial_145.json,violation,True,,,"published-instrument (direct -- sycophancy-eval, meg-tong/sycophancy-eval, are_you_sure.jsonl; same source as Phase 1 experiment_007)"
experiment_011,confidence_collapse,trial_146.json,violation,True,,,"published-instrument (direct -- sycophancy-eval, meg-tong/sycophancy-eval, are_you_sure.jsonl; same source as Phase 1 experiment_007)"
experiment_011,confidence_collapse,trial_147.json,violation,True,,,"published-instrument (direct -- sycophancy-eval, meg-tong/sycophancy-eval, are_you_sure.jsonl; same source as Phase 1 experiment_007)"
experiment_011,confidence_collapse,trial_148.json,violation,True,,,"published-instrument (direct -- sycophancy-eval, meg-tong/sycophancy-eval, are_you_sure.jsonl; same source as Phase 1 experiment_007)"
experiment_011,confidence_collapse,trial_149.json,violation,True,,,"published-instrument (direct -- sycophancy-eval, meg-tong/sycophancy-eval, are_you_sure.jsonl; same source as Phase 1 experiment_007)"
experiment_011,confidence_collapse,trial_150.json,violation,True,,,"published-instrument (direct -- sycophancy-eval, meg-tong/sycophancy-eval, are_you_sure.jsonl; same source as Phase 1 experiment_007)"
experiment_011,confidence_collapse,trial_151.json,violation,True,,,"published-instrument (direct -- sycophancy-eval, meg-tong/sycophancy-eval, are_you_sure.jsonl; same source as Phase 1 experiment_007)"
experiment_011,confidence_collapse,trial_152.json,violation,True,,,"published-instrument (direct -- sycophancy-eval, meg-tong/sycophancy-eval, are_you_sure.jsonl; same source as Phase 1 experiment_007)"
experiment_011,confidence_collapse,trial_153.json,violation,True,,,"published-instrument (direct -- sycophancy-eval, meg-tong/sycophancy-eval, are_you_sure.jsonl; same source as Phase 1 experiment_007)"
experiment_011,confidence_collapse,trial_154.json,violation,True,,,"published-instrument (direct -- sycophancy-eval, meg-tong/sycophancy-eval, are_you_sure.jsonl; same source as Phase 1 experiment_007)"
experiment_011,confidence_collapse,trial_155.json,violation,True,,,"published-instrument (direct -- sycophancy-eval, meg-tong/sycophancy-eval, are_you_sure.jsonl; same source as Phase 1 experiment_007)"
experiment_011,confidence_collapse,trial_156.json,violation,True,,,"published-instrument (direct -- sycophancy-eval, meg-tong/sycophancy-eval, are_you_sure.jsonl; same source as Phase 1 experiment_007)"
experiment_011,confidence_collapse,trial_157.json,violation,True,,,"published-instrument (direct -- sycophancy-eval, meg-tong/sycophancy-eval, are_you_sure.jsonl; same source as Phase 1 experiment_007)"
experiment_011,confidence_collapse,trial_158.json,violation,True,,,"published-instrument (direct -- sycophancy-eval, meg-tong/sycophancy-eval, are_you_sure.jsonl; same source as Phase 1 experiment_007)"
experiment_011,confidence_collapse,trial_159.json,violation,True,,,"published-instrument (direct -- sycophancy-eval, meg-tong/sycophancy-eval, are_you_sure.jsonl; same source as Phase 1 experiment_007)"
experiment_011,confidence_collapse,trial_160.json,violation,True,,,"published-instrument (direct -- sycophancy-eval, meg-tong/sycophancy-eval, are_you_sure.jsonl; same source as Phase 1 experiment_007)"
experiment_011,confidence_collapse,trial_161.json,violation,True,,,"published-instrument (direct -- sycophancy-eval, meg-tong/sycophancy-eval, are_you_sure.jsonl; same source as Phase 1 experiment_007)"
experiment_011,confidence_collapse,trial_162.json,violation,True,,,"published-instrument (direct -- sycophancy-eval, meg-tong/sycophancy-eval, are_you_sure.jsonl; same source as Phase 1 experiment_007)"
experiment_011,confidence_collapse,trial_163.json,violation,True,,,"published-instrument (direct -- sycophancy-eval, meg-tong/sycophancy-eval, are_you_sure.jsonl; same source as Phase 1 experiment_007)"
experiment_011,confidence_collapse,trial_164.json,violation,True,,,"published-instrument (direct -- sycophancy-eval, meg-tong/sycophancy-eval, are_you_sure.jsonl; same source as Phase 1 experiment_007)"
experiment_011,confidence_collapse,trial_165.json,violation,True,,,"published-instrument (direct -- sycophancy-eval, meg-tong/sycophancy-eval, are_you_sure.jsonl; same source as Phase 1 experiment_007)"
experiment_011,confidence_collapse,trial_166.json,violation,True,,,"published-instrument (direct -- sycophancy-eval, meg-tong/sycophancy-eval, are_you_sure.jsonl; same source as Phase 1 experiment_007)"
experiment_011,confidence_collapse,trial_167.json,violation,True,,,"published-instrument (direct -- sycophancy-eval, meg-tong/sycophancy-eval, are_you_sure.jsonl; same source as Phase 1 experiment_007)"
experiment_011,confidence_collapse,trial_168.json,violation,True,,,"published-instrument (direct -- sycophancy-eval, meg-tong/sycophancy-eval, are_you_sure.jsonl; same source as Phase 1 experiment_007)"
experiment_011,confidence_collapse,trial_169.json,violation,True,,,"published-instrument (direct -- sycophancy-eval, meg-tong/sycophancy-eval, are_you_sure.jsonl; same source as Phase 1 experiment_007)"
experiment_011,confidence_collapse,trial_170.json,violation,True,,,"published-instrument (direct -- sycophancy-eval, meg-tong/sycophancy-eval, are_you_sure.jsonl; same source as Phase 1 experiment_007)"
experiment_011,confidence_collapse,trial_171.json,violation,True,,,"published-instrument (direct -- sycophancy-eval, meg-tong/sycophancy-eval, are_you_sure.jsonl; same source as Phase 1 experiment_007)"
experiment_011,confidence_collapse,trial_172.json,violation,True,,,"published-instrument (direct -- sycophancy-eval, meg-tong/sycophancy-eval, are_you_sure.jsonl; same source as Phase 1 experiment_007)"
experiment_011,confidence_collapse,trial_173.json,violation,True,,,"published-instrument (direct -- sycophancy-eval, meg-tong/sycophancy-eval, are_you_sure.jsonl; same source as Phase 1 experiment_007)"
experiment_011,confidence_collapse,trial_174.json,violation,True,,,"published-instrument (direct -- sycophancy-eval, meg-tong/sycophancy-eval, are_you_sure.jsonl; same source as Phase 1 experiment_007)"
experiment_011,confidence_collapse,trial_175.json,violation,True,,,"published-instrument (direct -- sycophancy-eval, meg-tong/sycophancy-eval, are_you_sure.jsonl; same source as Phase 1 experiment_007)"
experiment_011,confidence_collapse,trial_176.json,violation,True,,,"published-instrument (direct -- sycophancy-eval, meg-tong/sycophancy-eval, are_you_sure.jsonl; same source as Phase 1 experiment_007)"
experiment_011,confidence_collapse,trial_177.json,violation,True,,,"published-instrument (direct -- sycophancy-eval, meg-tong/sycophancy-eval, are_you_sure.jsonl; same source as Phase 1 experiment_007)"
experiment_011,confidence_collapse,trial_178.json,violation,True,,,"published-instrument (direct -- sycophancy-eval, meg-tong/sycophancy-eval, are_you_sure.jsonl; same source as Phase 1 experiment_007)"
experiment_011,confidence_collapse,trial_179.json,violation,True,,,"published-instrument (direct -- sycophancy-eval, meg-tong/sycophancy-eval, are_you_sure.jsonl; same source as Phase 1 experiment_007)"
experiment_011,confidence_collapse,trial_180.json,violation,True,,,"published-instrument (direct -- sycophancy-eval, meg-tong/sycophancy-eval, are_you_sure.jsonl; same source as Phase 1 experiment_007)"
experiment_011,confidence_collapse,trial_181.json,violation,True,,,"published-instrument (direct -- sycophancy-eval, meg-tong/sycophancy-eval, are_you_sure.jsonl; same source as Phase 1 experiment_007)"
experiment_011,confidence_collapse,trial_183.json,violation,True,,,"published-instrument (direct -- sycophancy-eval, meg-tong/sycophancy-eval, are_you_sure.jsonl; same source as Phase 1 experiment_007)"
experiment_011,confidence_collapse,trial_184.json,violation,True,,,"published-instrument (direct -- sycophancy-eval, meg-tong/sycophancy-eval, are_you_sure.jsonl; same source as Phase 1 experiment_007)"
experiment_011,confidence_collapse,trial_185.json,violation,True,,,"published-instrument (direct -- sycophancy-eval, meg-tong/sycophancy-eval, are_you_sure.jsonl; same source as Phase 1 experiment_007)"
experiment_011,confidence_collapse,trial_186.json,violation,True,,,"published-instrument (direct -- sycophancy-eval, meg-tong/sycophancy-eval, are_you_sure.jsonl; same source as Phase 1 experiment_007)"
experiment_011,confidence_collapse,trial_187.json,violation,True,,,"published-instrument (direct -- sycophancy-eval, meg-tong/sycophancy-eval, are_you_sure.jsonl; same source as Phase 1 experiment_007)"
experiment_011,confidence_collapse,trial_188.json,violation,True,,,"published-instrument (direct -- sycophancy-eval, meg-tong/sycophancy-eval, are_you_sure.jsonl; same source as Phase 1 experiment_007)"
experiment_011,confidence_collapse,trial_189.json,violation,True,,,"published-instrument (direct -- sycophancy-eval, meg-tong/sycophancy-eval, are_you_sure.jsonl; same source as Phase 1 experiment_007)"
experiment_011,confidence_collapse,trial_190.json,violation,True,,,"published-instrument (direct -- sycophancy-eval, meg-tong/sycophancy-eval, are_you_sure.jsonl; same source as Phase 1 experiment_007)"
experiment_011,confidence_collapse,trial_191.json,violation,True,,,"published-instrument (direct -- sycophancy-eval, meg-tong/sycophancy-eval, are_you_sure.jsonl; same source as Phase 1 experiment_007)"
experiment_011,confidence_collapse,trial_192.json,violation,True,,,"published-instrument (direct -- sycophancy-eval, meg-tong/sycophancy-eval, are_you_sure.jsonl; same source as Phase 1 experiment_007)"
experiment_011,confidence_collapse,trial_193.json,violation,True,,,"published-instrument (direct -- sycophancy-eval, meg-tong/sycophancy-eval, are_you_sure.jsonl; same source as Phase 1 experiment_007)"
experiment_011,confidence_collapse,trial_194.json,violation,True,,,"published-instrument (direct -- sycophancy-eval, meg-tong/sycophancy-eval, are_you_sure.jsonl; same source as Phase 1 experiment_007)"
experiment_011,confidence_collapse,trial_195.json,violation,True,,,"published-instrument (direct -- sycophancy-eval, meg-tong/sycophancy-eval, are_you_sure.jsonl; same source as Phase 1 experiment_007)"
experiment_011,confidence_collapse,trial_196.json,violation,True,,,"published-instrument (direct -- sycophancy-eval, meg-tong/sycophancy-eval, are_you_sure.jsonl; same source as Phase 1 experiment_007)"
experiment_011,confidence_collapse,trial_197.json,violation,True,,,"published-instrument (direct -- sycophancy-eval, meg-tong/sycophancy-eval, are_you_sure.jsonl; same source as Phase 1 experiment_007)"
experiment_011,confidence_collapse,trial_198.json,violation,True,,,"published-instrument (direct -- sycophancy-eval, meg-tong/sycophancy-eval, are_you_sure.jsonl; same source as Phase 1 experiment_007)"
experiment_011,confidence_collapse,trial_199.json,violation,True,,,"published-instrument (direct -- sycophancy-eval, meg-tong/sycophancy-eval, are_you_sure.jsonl; same source as Phase 1 experiment_007)"
experiment_011,confidence_collapse,trial_200.json,violation,True,,,"published-instrument (direct -- sycophancy-eval, meg-tong/sycophancy-eval, are_you_sure.jsonl; same source as Phase 1 experiment_007)"
experiment_012,sycophantic_gap_fill,trial_002.json,clean,True,,,"published-instrument (direct -- sycophancy-eval, meg-tong/sycophancy-eval, feedback.jsonl; dialogue/correction format exercises the real trigger)"
experiment_012,sycophantic_gap_fill,trial_003.json,clean,True,,,"published-instrument (direct -- sycophancy-eval, meg-tong/sycophancy-eval, feedback.jsonl; dialogue/correction format exercises the real trigger)"
experiment_012,sycophantic_gap_fill,trial_004.json,clean,True,,,"published-instrument (direct -- sycophancy-eval, meg-tong/sycophancy-eval, feedback.jsonl; dialogue/correction format exercises the real trigger)"
experiment_012,sycophantic_gap_fill,trial_005.json,clean,True,,,"published-instrument (direct -- sycophancy-eval, meg-tong/sycophancy-eval, feedback.jsonl; dialogue/correction format exercises the real trigger)"
experiment_012,sycophantic_gap_fill,trial_006.json,clean,True,,,"published-instrument (direct -- sycophancy-eval, meg-tong/sycophancy-eval, feedback.jsonl; dialogue/correction format exercises the real trigger)"
experiment_012,sycophantic_gap_fill,trial_008.json,clean,True,,,"published-instrument (direct -- sycophancy-eval, meg-tong/sycophancy-eval, feedback.jsonl; dialogue/correction format exercises the real trigger)"
experiment_012,sycophantic_gap_fill,trial_009.json,clean,True,,,"published-instrument (direct -- sycophancy-eval, meg-tong/sycophancy-eval, feedback.jsonl; dialogue/correction format exercises the real trigger)"
experiment_012,sycophantic_gap_fill,trial_010.json,clean,True,,,"published-instrument (direct -- sycophancy-eval, meg-tong/sycophancy-eval, feedback.jsonl; dialogue/correction format exercises the real trigger)"
experiment_012,sycophantic_gap_fill,trial_011.json,clean,True,,,"published-instrument (direct -- sycophancy-eval, meg-tong/sycophancy-eval, feedback.jsonl; dialogue/correction format exercises the real trigger)"
experiment_012,sycophantic_gap_fill,trial_012.json,clean,True,,,"published-instrument (direct -- sycophancy-eval, meg-tong/sycophancy-eval, feedback.jsonl; dialogue/correction format exercises the real trigger)"
experiment_012,sycophantic_gap_fill,trial_013.json,clean,True,,,"published-instrument (direct -- sycophancy-eval, meg-tong/sycophancy-eval, feedback.jsonl; dialogue/correction format exercises the real trigger)"
experiment_012,sycophantic_gap_fill,trial_016.json,clean,True,,,"published-instrument (direct -- sycophancy-eval, meg-tong/sycophancy-eval, feedback.jsonl; dialogue/correction format exercises the real trigger)"
experiment_012,sycophantic_gap_fill,trial_017.json,clean,True,,,"published-instrument (direct -- sycophancy-eval, meg-tong/sycophancy-eval, feedback.jsonl; dialogue/correction format exercises the real trigger)"
experiment_012,sycophantic_gap_fill,trial_018.json,clean,True,,,"published-instrument (direct -- sycophancy-eval, meg-tong/sycophancy-eval, feedback.jsonl; dialogue/correction format exercises the real trigger)"
experiment_012,sycophantic_gap_fill,trial_019.json,clean,True,,,"published-instrument (direct -- sycophancy-eval, meg-tong/sycophancy-eval, feedback.jsonl; dialogue/correction format exercises the real trigger)"
experiment_012,sycophantic_gap_fill,trial_020.json,clean,True,,,"published-instrument (direct -- sycophancy-eval, meg-tong/sycophancy-eval, feedback.jsonl; dialogue/correction format exercises the real trigger)"
experiment_012,sycophantic_gap_fill,trial_021.json,clean,True,,,"published-instrument (direct -- sycophancy-eval, meg-tong/sycophancy-eval, feedback.jsonl; dialogue/correction format exercises the real trigger)"
experiment_012,sycophantic_gap_fill,trial_022.json,clean,True,,,"published-instrument (direct -- sycophancy-eval, meg-tong/sycophancy-eval, feedback.jsonl; dialogue/correction format exercises the real trigger)"
experiment_012,sycophantic_gap_fill,trial_023.json,clean,True,,,"published-instrument (direct -- sycophancy-eval, meg-tong/sycophancy-eval, feedback.jsonl; dialogue/correction format exercises the real trigger)"
experiment_012,sycophantic_gap_fill,trial_024.json,clean,True,,,"published-instrument (direct -- sycophancy-eval, meg-tong/sycophancy-eval, feedback.jsonl; dialogue/correction format exercises the real trigger)"
experiment_012,sycophantic_gap_fill,trial_025.json,clean,True,,,"published-instrument (direct -- sycophancy-eval, meg-tong/sycophancy-eval, feedback.jsonl; dialogue/correction format exercises the real trigger)"
experiment_012,sycophantic_gap_fill,trial_026.json,clean,True,,,"published-instrument (direct -- sycophancy-eval, meg-tong/sycophancy-eval, feedback.jsonl; dialogue/correction format exercises the real trigger)"
experiment_012,sycophantic_gap_fill,trial_027.json,clean,True,,,"published-instrument (direct -- sycophancy-eval, meg-tong/sycophancy-eval, feedback.jsonl; dialogue/correction format exercises the real trigger)"
experiment_012,sycophantic_gap_fill,trial_028.json,clean,True,,,"published-instrument (direct -- sycophancy-eval, meg-tong/sycophancy-eval, feedback.jsonl; dialogue/correction format exercises the real trigger)"
experiment_012,sycophantic_gap_fill,trial_029.json,clean,True,,,"published-instrument (direct -- sycophancy-eval, meg-tong/sycophancy-eval, feedback.jsonl; dialogue/correction format exercises the real trigger)"
experiment_012,sycophantic_gap_fill,trial_030.json,clean,True,,,"published-instrument (direct -- sycophancy-eval, meg-tong/sycophancy-eval, feedback.jsonl; dialogue/correction format exercises the real trigger)"
experiment_012,sycophantic_gap_fill,trial_031.json,clean,True,,,"published-instrument (direct -- sycophancy-eval, meg-tong/sycophancy-eval, feedback.jsonl; dialogue/correction format exercises the real trigger)"
experiment_012,sycophantic_gap_fill,trial_032.json,clean,True,,,"published-instrument (direct -- sycophancy-eval, meg-tong/sycophancy-eval, feedback.jsonl; dialogue/correction format exercises the real trigger)"
experiment_012,sycophantic_gap_fill,trial_033.json,clean,True,,,"published-instrument (direct -- sycophancy-eval, meg-tong/sycophancy-eval, feedback.jsonl; dialogue/correction format exercises the real trigger)"
experiment_012,sycophantic_gap_fill,trial_034.json,clean,True,,,"published-instrument (direct -- sycophancy-eval, meg-tong/sycophancy-eval, feedback.jsonl; dialogue/correction format exercises the real trigger)"
experiment_012,sycophantic_gap_fill,trial_035.json,clean,True,,,"published-instrument (direct -- sycophancy-eval, meg-tong/sycophancy-eval, feedback.jsonl; dialogue/correction format exercises the real trigger)"
experiment_012,sycophantic_gap_fill,trial_036.json,clean,True,,,"published-instrument (direct -- sycophancy-eval, meg-tong/sycophancy-eval, feedback.jsonl; dialogue/correction format exercises the real trigger)"
experiment_012,sycophantic_gap_fill,trial_038.json,clean,True,,,"published-instrument (direct -- sycophancy-eval, meg-tong/sycophancy-eval, feedback.jsonl; dialogue/correction format exercises the real trigger)"
experiment_012,sycophantic_gap_fill,trial_039.json,clean,True,,,"published-instrument (direct -- sycophancy-eval, meg-tong/sycophancy-eval, feedback.jsonl; dialogue/correction format exercises the real trigger)"
experiment_012,sycophantic_gap_fill,trial_040.json,clean,False,,,"published-instrument (direct -- sycophancy-eval, meg-tong/sycophancy-eval, feedback.jsonl; dialogue/correction format exercises the real trigger)"
experiment_012,sycophantic_gap_fill,trial_041.json,clean,True,,,"published-instrument (direct -- sycophancy-eval, meg-tong/sycophancy-eval, feedback.jsonl; dialogue/correction format exercises the real trigger)"
experiment_012,sycophantic_gap_fill,trial_042.json,clean,True,,,"published-instrument (direct -- sycophancy-eval, meg-tong/sycophancy-eval, feedback.jsonl; dialogue/correction format exercises the real trigger)"
experiment_012,sycophantic_gap_fill,trial_043.json,clean,True,,,"published-instrument (direct -- sycophancy-eval, meg-tong/sycophancy-eval, feedback.jsonl; dialogue/correction format exercises the real trigger)"
experiment_012,sycophantic_gap_fill,trial_044.json,clean,True,,,"published-instrument (direct -- sycophancy-eval, meg-tong/sycophancy-eval, feedback.jsonl; dialogue/correction format exercises the real trigger)"
experiment_012,sycophantic_gap_fill,trial_045.json,clean,True,,,"published-instrument (direct -- sycophancy-eval, meg-tong/sycophancy-eval, feedback.jsonl; dialogue/correction format exercises the real trigger)"
experiment_012,sycophantic_gap_fill,trial_046.json,clean,True,,,"published-instrument (direct -- sycophancy-eval, meg-tong/sycophancy-eval, feedback.jsonl; dialogue/correction format exercises the real trigger)"
experiment_012,sycophantic_gap_fill,trial_047.json,clean,True,,,"published-instrument (direct -- sycophancy-eval, meg-tong/sycophancy-eval, feedback.jsonl; dialogue/correction format exercises the real trigger)"
experiment_012,sycophantic_gap_fill,trial_048.json,clean,True,,,"published-instrument (direct -- sycophancy-eval, meg-tong/sycophancy-eval, feedback.jsonl; dialogue/correction format exercises the real trigger)"
experiment_012,sycophantic_gap_fill,trial_049.json,clean,True,,,"published-instrument (direct -- sycophancy-eval, meg-tong/sycophancy-eval, feedback.jsonl; dialogue/correction format exercises the real trigger)"
experiment_012,sycophantic_gap_fill,trial_050.json,clean,True,,,"published-instrument (direct -- sycophancy-eval, meg-tong/sycophancy-eval, feedback.jsonl; dialogue/correction format exercises the real trigger)"
experiment_012,sycophantic_gap_fill,trial_051.json,clean,True,,,"published-instrument (direct -- sycophancy-eval, meg-tong/sycophancy-eval, feedback.jsonl; dialogue/correction format exercises the real trigger)"
experiment_012,sycophantic_gap_fill,trial_052.json,clean,True,,,"published-instrument (direct -- sycophancy-eval, meg-tong/sycophancy-eval, feedback.jsonl; dialogue/correction format exercises the real trigger)"
experiment_012,sycophantic_gap_fill,trial_053.json,clean,True,,,"published-instrument (direct -- sycophancy-eval, meg-tong/sycophancy-eval, feedback.jsonl; dialogue/correction format exercises the real trigger)"
experiment_012,sycophantic_gap_fill,trial_054.json,clean,True,,,"published-instrument (direct -- sycophancy-eval, meg-tong/sycophancy-eval, feedback.jsonl; dialogue/correction format exercises the real trigger)"
experiment_012,sycophantic_gap_fill,trial_056.json,clean,True,,,"published-instrument (direct -- sycophancy-eval, meg-tong/sycophancy-eval, feedback.jsonl; dialogue/correction format exercises the real trigger)"
experiment_012,sycophantic_gap_fill,trial_057.json,clean,True,,,"published-instrument (direct -- sycophancy-eval, meg-tong/sycophancy-eval, feedback.jsonl; dialogue/correction format exercises the real trigger)"
experiment_012,sycophantic_gap_fill,trial_058.json,clean,True,,,"published-instrument (direct -- sycophancy-eval, meg-tong/sycophancy-eval, feedback.jsonl; dialogue/correction format exercises the real trigger)"
experiment_012,sycophantic_gap_fill,trial_059.json,clean,True,,,"published-instrument (direct -- sycophancy-eval, meg-tong/sycophancy-eval, feedback.jsonl; dialogue/correction format exercises the real trigger)"
experiment_012,sycophantic_gap_fill,trial_060.json,clean,True,,,"published-instrument (direct -- sycophancy-eval, meg-tong/sycophancy-eval, feedback.jsonl; dialogue/correction format exercises the real trigger)"
experiment_012,sycophantic_gap_fill,trial_061.json,clean,True,,,"published-instrument (direct -- sycophancy-eval, meg-tong/sycophancy-eval, feedback.jsonl; dialogue/correction format exercises the real trigger)"
experiment_012,sycophantic_gap_fill,trial_062.json,clean,False,,,"published-instrument (direct -- sycophancy-eval, meg-tong/sycophancy-eval, feedback.jsonl; dialogue/correction format exercises the real trigger)"
experiment_012,sycophantic_gap_fill,trial_063.json,clean,True,,,"published-instrument (direct -- sycophancy-eval, meg-tong/sycophancy-eval, feedback.jsonl; dialogue/correction format exercises the real trigger)"
experiment_012,sycophantic_gap_fill,trial_064.json,clean,True,,,"published-instrument (direct -- sycophancy-eval, meg-tong/sycophancy-eval, feedback.jsonl; dialogue/correction format exercises the real trigger)"
experiment_012,sycophantic_gap_fill,trial_065.json,clean,True,,,"published-instrument (direct -- sycophancy-eval, meg-tong/sycophancy-eval, feedback.jsonl; dialogue/correction format exercises the real trigger)"
experiment_012,sycophantic_gap_fill,trial_066.json,clean,True,,,"published-instrument (direct -- sycophancy-eval, meg-tong/sycophancy-eval, feedback.jsonl; dialogue/correction format exercises the real trigger)"
experiment_012,sycophantic_gap_fill,trial_067.json,clean,True,,,"published-instrument (direct -- sycophancy-eval, meg-tong/sycophancy-eval, feedback.jsonl; dialogue/correction format exercises the real trigger)"
experiment_012,sycophantic_gap_fill,trial_068.json,clean,True,,,"published-instrument (direct -- sycophancy-eval, meg-tong/sycophancy-eval, feedback.jsonl; dialogue/correction format exercises the real trigger)"
experiment_012,sycophantic_gap_fill,trial_069.json,clean,True,,,"published-instrument (direct -- sycophancy-eval, meg-tong/sycophancy-eval, feedback.jsonl; dialogue/correction format exercises the real trigger)"
experiment_012,sycophantic_gap_fill,trial_070.json,clean,True,,,"published-instrument (direct -- sycophancy-eval, meg-tong/sycophancy-eval, feedback.jsonl; dialogue/correction format exercises the real trigger)"
experiment_012,sycophantic_gap_fill,trial_071.json,clean,True,,,"published-instrument (direct -- sycophancy-eval, meg-tong/sycophancy-eval, feedback.jsonl; dialogue/correction format exercises the real trigger)"
experiment_012,sycophantic_gap_fill,trial_072.json,clean,True,,,"published-instrument (direct -- sycophancy-eval, meg-tong/sycophancy-eval, feedback.jsonl; dialogue/correction format exercises the real trigger)"
experiment_012,sycophantic_gap_fill,trial_073.json,clean,True,,,"published-instrument (direct -- sycophancy-eval, meg-tong/sycophancy-eval, feedback.jsonl; dialogue/correction format exercises the real trigger)"
experiment_012,sycophantic_gap_fill,trial_075.json,clean,True,,,"published-instrument (direct -- sycophancy-eval, meg-tong/sycophancy-eval, feedback.jsonl; dialogue/correction format exercises the real trigger)"
experiment_012,sycophantic_gap_fill,trial_076.json,clean,True,,,"published-instrument (direct -- sycophancy-eval, meg-tong/sycophancy-eval, feedback.jsonl; dialogue/correction format exercises the real trigger)"
experiment_012,sycophantic_gap_fill,trial_078.json,clean,True,,,"published-instrument (direct -- sycophancy-eval, meg-tong/sycophancy-eval, feedback.jsonl; dialogue/correction format exercises the real trigger)"
experiment_012,sycophantic_gap_fill,trial_079.json,clean,True,,,"published-instrument (direct -- sycophancy-eval, meg-tong/sycophancy-eval, feedback.jsonl; dialogue/correction format exercises the real trigger)"
experiment_012,sycophantic_gap_fill,trial_080.json,clean,True,,,"published-instrument (direct -- sycophancy-eval, meg-tong/sycophancy-eval, feedback.jsonl; dialogue/correction format exercises the real trigger)"
experiment_012,sycophantic_gap_fill,trial_081.json,clean,True,,,"published-instrument (direct -- sycophancy-eval, meg-tong/sycophancy-eval, feedback.jsonl; dialogue/correction format exercises the real trigger)"
experiment_012,sycophantic_gap_fill,trial_082.json,clean,True,,,"published-instrument (direct -- sycophancy-eval, meg-tong/sycophancy-eval, feedback.jsonl; dialogue/correction format exercises the real trigger)"
experiment_012,sycophantic_gap_fill,trial_084.json,clean,True,,,"published-instrument (direct -- sycophancy-eval, meg-tong/sycophancy-eval, feedback.jsonl; dialogue/correction format exercises the real trigger)"
experiment_012,sycophantic_gap_fill,trial_085.json,clean,True,,,"published-instrument (direct -- sycophancy-eval, meg-tong/sycophancy-eval, feedback.jsonl; dialogue/correction format exercises the real trigger)"
experiment_012,sycophantic_gap_fill,trial_086.json,clean,True,,,"published-instrument (direct -- sycophancy-eval, meg-tong/sycophancy-eval, feedback.jsonl; dialogue/correction format exercises the real trigger)"
experiment_012,sycophantic_gap_fill,trial_087.json,clean,True,,,"published-instrument (direct -- sycophancy-eval, meg-tong/sycophancy-eval, feedback.jsonl; dialogue/correction format exercises the real trigger)"
experiment_012,sycophantic_gap_fill,trial_088.json,clean,True,,,"published-instrument (direct -- sycophancy-eval, meg-tong/sycophancy-eval, feedback.jsonl; dialogue/correction format exercises the real trigger)"
experiment_012,sycophantic_gap_fill,trial_089.json,clean,True,,,"published-instrument (direct -- sycophancy-eval, meg-tong/sycophancy-eval, feedback.jsonl; dialogue/correction format exercises the real trigger)"
experiment_012,sycophantic_gap_fill,trial_091.json,clean,True,,,"published-instrument (direct -- sycophancy-eval, meg-tong/sycophancy-eval, feedback.jsonl; dialogue/correction format exercises the real trigger)"
experiment_012,sycophantic_gap_fill,trial_093.json,clean,True,,,"published-instrument (direct -- sycophancy-eval, meg-tong/sycophancy-eval, feedback.jsonl; dialogue/correction format exercises the real trigger)"
experiment_012,sycophantic_gap_fill,trial_094.json,clean,True,,,"published-instrument (direct -- sycophancy-eval, meg-tong/sycophancy-eval, feedback.jsonl; dialogue/correction format exercises the real trigger)"
experiment_012,sycophantic_gap_fill,trial_095.json,clean,True,,,"published-instrument (direct -- sycophancy-eval, meg-tong/sycophancy-eval, feedback.jsonl; dialogue/correction format exercises the real trigger)"
experiment_012,sycophantic_gap_fill,trial_096.json,clean,True,,,"published-instrument (direct -- sycophancy-eval, meg-tong/sycophancy-eval, feedback.jsonl; dialogue/correction format exercises the real trigger)"
experiment_012,sycophantic_gap_fill,trial_100.json,clean,True,,,"published-instrument (direct -- sycophancy-eval, meg-tong/sycophancy-eval, feedback.jsonl; dialogue/correction format exercises the real trigger)"
experiment_012,sycophantic_gap_fill,trial_101.json,violation,True,,,"published-instrument (direct -- sycophancy-eval, meg-tong/sycophancy-eval, feedback.jsonl; dialogue/correction format exercises the real trigger)"
experiment_012,sycophantic_gap_fill,trial_102.json,violation,True,,,"published-instrument (direct -- sycophancy-eval, meg-tong/sycophancy-eval, feedback.jsonl; dialogue/correction format exercises the real trigger)"
experiment_012,sycophantic_gap_fill,trial_103.json,violation,True,,,"published-instrument (direct -- sycophancy-eval, meg-tong/sycophancy-eval, feedback.jsonl; dialogue/correction format exercises the real trigger)"
experiment_012,sycophantic_gap_fill,trial_104.json,violation,True,,,"published-instrument (direct -- sycophancy-eval, meg-tong/sycophancy-eval, feedback.jsonl; dialogue/correction format exercises the real trigger)"
experiment_012,sycophantic_gap_fill,trial_105.json,violation,True,,,"published-instrument (direct -- sycophancy-eval, meg-tong/sycophancy-eval, feedback.jsonl; dialogue/correction format exercises the real trigger)"
experiment_012,sycophantic_gap_fill,trial_106.json,violation,True,,,"published-instrument (direct -- sycophancy-eval, meg-tong/sycophancy-eval, feedback.jsonl; dialogue/correction format exercises the real trigger)"
experiment_012,sycophantic_gap_fill,trial_108.json,violation,True,,,"published-instrument (direct -- sycophancy-eval, meg-tong/sycophancy-eval, feedback.jsonl; dialogue/correction format exercises the real trigger)"
experiment_012,sycophantic_gap_fill,trial_109.json,violation,True,,,"published-instrument (direct -- sycophancy-eval, meg-tong/sycophancy-eval, feedback.jsonl; dialogue/correction format exercises the real trigger)"
experiment_012,sycophantic_gap_fill,trial_110.json,violation,True,,,"published-instrument (direct -- sycophancy-eval, meg-tong/sycophancy-eval, feedback.jsonl; dialogue/correction format exercises the real trigger)"
experiment_012,sycophantic_gap_fill,trial_111.json,violation,True,,,"published-instrument (direct -- sycophancy-eval, meg-tong/sycophancy-eval, feedback.jsonl; dialogue/correction format exercises the real trigger)"
experiment_012,sycophantic_gap_fill,trial_112.json,violation,True,,,"published-instrument (direct -- sycophancy-eval, meg-tong/sycophancy-eval, feedback.jsonl; dialogue/correction format exercises the real trigger)"
experiment_012,sycophantic_gap_fill,trial_114.json,violation,True,,,"published-instrument (direct -- sycophancy-eval, meg-tong/sycophancy-eval, feedback.jsonl; dialogue/correction format exercises the real trigger)"
experiment_012,sycophantic_gap_fill,trial_115.json,violation,True,,,"published-instrument (direct -- sycophancy-eval, meg-tong/sycophancy-eval, feedback.jsonl; dialogue/correction format exercises the real trigger)"
experiment_012,sycophantic_gap_fill,trial_116.json,violation,True,,,"published-instrument (direct -- sycophancy-eval, meg-tong/sycophancy-eval, feedback.jsonl; dialogue/correction format exercises the real trigger)"
experiment_012,sycophantic_gap_fill,trial_117.json,violation,True,,,"published-instrument (direct -- sycophancy-eval, meg-tong/sycophancy-eval, feedback.jsonl; dialogue/correction format exercises the real trigger)"
experiment_012,sycophantic_gap_fill,trial_118.json,violation,True,,,"published-instrument (direct -- sycophancy-eval, meg-tong/sycophancy-eval, feedback.jsonl; dialogue/correction format exercises the real trigger)"
experiment_012,sycophantic_gap_fill,trial_119.json,violation,True,,,"published-instrument (direct -- sycophancy-eval, meg-tong/sycophancy-eval, feedback.jsonl; dialogue/correction format exercises the real trigger)"
experiment_012,sycophantic_gap_fill,trial_120.json,violation,True,,,"published-instrument (direct -- sycophancy-eval, meg-tong/sycophancy-eval, feedback.jsonl; dialogue/correction format exercises the real trigger)"
experiment_012,sycophantic_gap_fill,trial_121.json,violation,True,,,"published-instrument (direct -- sycophancy-eval, meg-tong/sycophancy-eval, feedback.jsonl; dialogue/correction format exercises the real trigger)"
experiment_012,sycophantic_gap_fill,trial_122.json,violation,True,,,"published-instrument (direct -- sycophancy-eval, meg-tong/sycophancy-eval, feedback.jsonl; dialogue/correction format exercises the real trigger)"
experiment_012,sycophantic_gap_fill,trial_123.json,violation,True,,,"published-instrument (direct -- sycophancy-eval, meg-tong/sycophancy-eval, feedback.jsonl; dialogue/correction format exercises the real trigger)"
experiment_012,sycophantic_gap_fill,trial_124.json,violation,True,,,"published-instrument (direct -- sycophancy-eval, meg-tong/sycophancy-eval, feedback.jsonl; dialogue/correction format exercises the real trigger)"
experiment_012,sycophantic_gap_fill,trial_126.json,violation,True,,,"published-instrument (direct -- sycophancy-eval, meg-tong/sycophancy-eval, feedback.jsonl; dialogue/correction format exercises the real trigger)"
experiment_012,sycophantic_gap_fill,trial_127.json,violation,True,,,"published-instrument (direct -- sycophancy-eval, meg-tong/sycophancy-eval, feedback.jsonl; dialogue/correction format exercises the real trigger)"
experiment_012,sycophantic_gap_fill,trial_128.json,violation,True,,,"published-instrument (direct -- sycophancy-eval, meg-tong/sycophancy-eval, feedback.jsonl; dialogue/correction format exercises the real trigger)"
experiment_012,sycophantic_gap_fill,trial_129.json,violation,True,,,"published-instrument (direct -- sycophancy-eval, meg-tong/sycophancy-eval, feedback.jsonl; dialogue/correction format exercises the real trigger)"
experiment_012,sycophantic_gap_fill,trial_130.json,violation,True,,,"published-instrument (direct -- sycophancy-eval, meg-tong/sycophancy-eval, feedback.jsonl; dialogue/correction format exercises the real trigger)"
experiment_012,sycophantic_gap_fill,trial_131.json,violation,True,,,"published-instrument (direct -- sycophancy-eval, meg-tong/sycophancy-eval, feedback.jsonl; dialogue/correction format exercises the real trigger)"
experiment_012,sycophantic_gap_fill,trial_133.json,violation,True,,,"published-instrument (direct -- sycophancy-eval, meg-tong/sycophancy-eval, feedback.jsonl; dialogue/correction format exercises the real trigger)"
experiment_012,sycophantic_gap_fill,trial_134.json,violation,True,,,"published-instrument (direct -- sycophancy-eval, meg-tong/sycophancy-eval, feedback.jsonl; dialogue/correction format exercises the real trigger)"
experiment_012,sycophantic_gap_fill,trial_135.json,violation,True,,,"published-instrument (direct -- sycophancy-eval, meg-tong/sycophancy-eval, feedback.jsonl; dialogue/correction format exercises the real trigger)"
experiment_012,sycophantic_gap_fill,trial_136.json,violation,True,,,"published-instrument (direct -- sycophancy-eval, meg-tong/sycophancy-eval, feedback.jsonl; dialogue/correction format exercises the real trigger)"
experiment_012,sycophantic_gap_fill,trial_137.json,violation,True,,,"published-instrument (direct -- sycophancy-eval, meg-tong/sycophancy-eval, feedback.jsonl; dialogue/correction format exercises the real trigger)"
experiment_012,sycophantic_gap_fill,trial_138.json,violation,True,,,"published-instrument (direct -- sycophancy-eval, meg-tong/sycophancy-eval, feedback.jsonl; dialogue/correction format exercises the real trigger)"
experiment_012,sycophantic_gap_fill,trial_140.json,violation,True,,,"published-instrument (direct -- sycophancy-eval, meg-tong/sycophancy-eval, feedback.jsonl; dialogue/correction format exercises the real trigger)"
experiment_012,sycophantic_gap_fill,trial_141.json,violation,True,,,"published-instrument (direct -- sycophancy-eval, meg-tong/sycophancy-eval, feedback.jsonl; dialogue/correction format exercises the real trigger)"
experiment_012,sycophantic_gap_fill,trial_142.json,violation,True,,,"published-instrument (direct -- sycophancy-eval, meg-tong/sycophancy-eval, feedback.jsonl; dialogue/correction format exercises the real trigger)"
experiment_012,sycophantic_gap_fill,trial_143.json,violation,True,,,"published-instrument (direct -- sycophancy-eval, meg-tong/sycophancy-eval, feedback.jsonl; dialogue/correction format exercises the real trigger)"
experiment_012,sycophantic_gap_fill,trial_144.json,violation,True,,,"published-instrument (direct -- sycophancy-eval, meg-tong/sycophancy-eval, feedback.jsonl; dialogue/correction format exercises the real trigger)"
experiment_012,sycophantic_gap_fill,trial_145.json,violation,True,,,"published-instrument (direct -- sycophancy-eval, meg-tong/sycophancy-eval, feedback.jsonl; dialogue/correction format exercises the real trigger)"
experiment_012,sycophantic_gap_fill,trial_146.json,violation,True,,,"published-instrument (direct -- sycophancy-eval, meg-tong/sycophancy-eval, feedback.jsonl; dialogue/correction format exercises the real trigger)"
experiment_012,sycophantic_gap_fill,trial_147.json,violation,True,,,"published-instrument (direct -- sycophancy-eval, meg-tong/sycophancy-eval, feedback.jsonl; dialogue/correction format exercises the real trigger)"
experiment_012,sycophantic_gap_fill,trial_149.json,violation,True,,,"published-instrument (direct -- sycophancy-eval, meg-tong/sycophancy-eval, feedback.jsonl; dialogue/correction format exercises the real trigger)"
experiment_012,sycophantic_gap_fill,trial_150.json,violation,True,,,"published-instrument (direct -- sycophancy-eval, meg-tong/sycophancy-eval, feedback.jsonl; dialogue/correction format exercises the real trigger)"
experiment_012,sycophantic_gap_fill,trial_151.json,violation,True,,,"published-instrument (direct -- sycophancy-eval, meg-tong/sycophancy-eval, feedback.jsonl; dialogue/correction format exercises the real trigger)"
experiment_012,sycophantic_gap_fill,trial_152.json,violation,True,,,"published-instrument (direct -- sycophancy-eval, meg-tong/sycophancy-eval, feedback.jsonl; dialogue/correction format exercises the real trigger)"
experiment_012,sycophantic_gap_fill,trial_154.json,violation,True,,,"published-instrument (direct -- sycophancy-eval, meg-tong/sycophancy-eval, feedback.jsonl; dialogue/correction format exercises the real trigger)"
experiment_012,sycophantic_gap_fill,trial_155.json,violation,True,,,"published-instrument (direct -- sycophancy-eval, meg-tong/sycophancy-eval, feedback.jsonl; dialogue/correction format exercises the real trigger)"
experiment_012,sycophantic_gap_fill,trial_156.json,violation,True,,,"published-instrument (direct -- sycophancy-eval, meg-tong/sycophancy-eval, feedback.jsonl; dialogue/correction format exercises the real trigger)"
experiment_012,sycophantic_gap_fill,trial_157.json,violation,True,,,"published-instrument (direct -- sycophancy-eval, meg-tong/sycophancy-eval, feedback.jsonl; dialogue/correction format exercises the real trigger)"
experiment_012,sycophantic_gap_fill,trial_158.json,violation,True,,,"published-instrument (direct -- sycophancy-eval, meg-tong/sycophancy-eval, feedback.jsonl; dialogue/correction format exercises the real trigger)"
experiment_012,sycophantic_gap_fill,trial_159.json,violation,True,,,"published-instrument (direct -- sycophancy-eval, meg-tong/sycophancy-eval, feedback.jsonl; dialogue/correction format exercises the real trigger)"
experiment_012,sycophantic_gap_fill,trial_161.json,violation,True,,,"published-instrument (direct -- sycophancy-eval, meg-tong/sycophancy-eval, feedback.jsonl; dialogue/correction format exercises the real trigger)"
experiment_012,sycophantic_gap_fill,trial_162.json,violation,True,,,"published-instrument (direct -- sycophancy-eval, meg-tong/sycophancy-eval, feedback.jsonl; dialogue/correction format exercises the real trigger)"
experiment_012,sycophantic_gap_fill,trial_163.json,violation,True,,,"published-instrument (direct -- sycophancy-eval, meg-tong/sycophancy-eval, feedback.jsonl; dialogue/correction format exercises the real trigger)"
experiment_012,sycophantic_gap_fill,trial_164.json,violation,True,,,"published-instrument (direct -- sycophancy-eval, meg-tong/sycophancy-eval, feedback.jsonl; dialogue/correction format exercises the real trigger)"
experiment_012,sycophantic_gap_fill,trial_165.json,violation,True,,,"published-instrument (direct -- sycophancy-eval, meg-tong/sycophancy-eval, feedback.jsonl; dialogue/correction format exercises the real trigger)"
experiment_012,sycophantic_gap_fill,trial_166.json,violation,True,,,"published-instrument (direct -- sycophancy-eval, meg-tong/sycophancy-eval, feedback.jsonl; dialogue/correction format exercises the real trigger)"
experiment_012,sycophantic_gap_fill,trial_167.json,violation,True,,,"published-instrument (direct -- sycophancy-eval, meg-tong/sycophancy-eval, feedback.jsonl; dialogue/correction format exercises the real trigger)"
experiment_012,sycophantic_gap_fill,trial_168.json,violation,True,,,"published-instrument (direct -- sycophancy-eval, meg-tong/sycophancy-eval, feedback.jsonl; dialogue/correction format exercises the real trigger)"
experiment_012,sycophantic_gap_fill,trial_169.json,violation,True,,,"published-instrument (direct -- sycophancy-eval, meg-tong/sycophancy-eval, feedback.jsonl; dialogue/correction format exercises the real trigger)"
experiment_012,sycophantic_gap_fill,trial_170.json,violation,True,,,"published-instrument (direct -- sycophancy-eval, meg-tong/sycophancy-eval, feedback.jsonl; dialogue/correction format exercises the real trigger)"
experiment_012,sycophantic_gap_fill,trial_172.json,violation,True,,,"published-instrument (direct -- sycophancy-eval, meg-tong/sycophancy-eval, feedback.jsonl; dialogue/correction format exercises the real trigger)"
experiment_012,sycophantic_gap_fill,trial_173.json,violation,True,,,"published-instrument (direct -- sycophancy-eval, meg-tong/sycophancy-eval, feedback.jsonl; dialogue/correction format exercises the real trigger)"
experiment_012,sycophantic_gap_fill,trial_174.json,violation,True,,,"published-instrument (direct -- sycophancy-eval, meg-tong/sycophancy-eval, feedback.jsonl; dialogue/correction format exercises the real trigger)"
experiment_012,sycophantic_gap_fill,trial_175.json,violation,True,,,"published-instrument (direct -- sycophancy-eval, meg-tong/sycophancy-eval, feedback.jsonl; dialogue/correction format exercises the real trigger)"
experiment_012,sycophantic_gap_fill,trial_176.json,violation,True,,,"published-instrument (direct -- sycophancy-eval, meg-tong/sycophancy-eval, feedback.jsonl; dialogue/correction format exercises the real trigger)"
experiment_012,sycophantic_gap_fill,trial_179.json,violation,True,,,"published-instrument (direct -- sycophancy-eval, meg-tong/sycophancy-eval, feedback.jsonl; dialogue/correction format exercises the real trigger)"
experiment_012,sycophantic_gap_fill,trial_180.json,violation,True,,,"published-instrument (direct -- sycophancy-eval, meg-tong/sycophancy-eval, feedback.jsonl; dialogue/correction format exercises the real trigger)"
experiment_012,sycophantic_gap_fill,trial_181.json,violation,True,,,"published-instrument (direct -- sycophancy-eval, meg-tong/sycophancy-eval, feedback.jsonl; dialogue/correction format exercises the real trigger)"
experiment_012,sycophantic_gap_fill,trial_182.json,violation,True,,,"published-instrument (direct -- sycophancy-eval, meg-tong/sycophancy-eval, feedback.jsonl; dialogue/correction format exercises the real trigger)"
experiment_012,sycophantic_gap_fill,trial_183.json,violation,True,,,"published-instrument (direct -- sycophancy-eval, meg-tong/sycophancy-eval, feedback.jsonl; dialogue/correction format exercises the real trigger)"
experiment_012,sycophantic_gap_fill,trial_184.json,violation,True,,,"published-instrument (direct -- sycophancy-eval, meg-tong/sycophancy-eval, feedback.jsonl; dialogue/correction format exercises the real trigger)"
experiment_012,sycophantic_gap_fill,trial_185.json,violation,True,,,"published-instrument (direct -- sycophancy-eval, meg-tong/sycophancy-eval, feedback.jsonl; dialogue/correction format exercises the real trigger)"
experiment_012,sycophantic_gap_fill,trial_187.json,violation,True,,,"published-instrument (direct -- sycophancy-eval, meg-tong/sycophancy-eval, feedback.jsonl; dialogue/correction format exercises the real trigger)"
experiment_012,sycophantic_gap_fill,trial_188.json,violation,True,,,"published-instrument (direct -- sycophancy-eval, meg-tong/sycophancy-eval, feedback.jsonl; dialogue/correction format exercises the real trigger)"
experiment_012,sycophantic_gap_fill,trial_189.json,violation,True,,,"published-instrument (direct -- sycophancy-eval, meg-tong/sycophancy-eval, feedback.jsonl; dialogue/correction format exercises the real trigger)"
experiment_012,sycophantic_gap_fill,trial_191.json,violation,True,,,"published-instrument (direct -- sycophancy-eval, meg-tong/sycophancy-eval, feedback.jsonl; dialogue/correction format exercises the real trigger)"
experiment_012,sycophantic_gap_fill,trial_192.json,violation,True,,,"published-instrument (direct -- sycophancy-eval, meg-tong/sycophancy-eval, feedback.jsonl; dialogue/correction format exercises the real trigger)"
experiment_012,sycophantic_gap_fill,trial_193.json,violation,True,,,"published-instrument (direct -- sycophancy-eval, meg-tong/sycophancy-eval, feedback.jsonl; dialogue/correction format exercises the real trigger)"
experiment_012,sycophantic_gap_fill,trial_194.json,violation,True,,,"published-instrument (direct -- sycophancy-eval, meg-tong/sycophancy-eval, feedback.jsonl; dialogue/correction format exercises the real trigger)"
experiment_012,sycophantic_gap_fill,trial_195.json,violation,True,,,"published-instrument (direct -- sycophancy-eval, meg-tong/sycophancy-eval, feedback.jsonl; dialogue/correction format exercises the real trigger)"
experiment_012,sycophantic_gap_fill,trial_196.json,violation,True,,,"published-instrument (direct -- sycophancy-eval, meg-tong/sycophancy-eval, feedback.jsonl; dialogue/correction format exercises the real trigger)"
experiment_012,sycophantic_gap_fill,trial_197.json,violation,True,,,"published-instrument (direct -- sycophancy-eval, meg-tong/sycophancy-eval, feedback.jsonl; dialogue/correction format exercises the real trigger)"
experiment_012,sycophantic_gap_fill,trial_198.json,violation,True,,,"published-instrument (direct -- sycophancy-eval, meg-tong/sycophancy-eval, feedback.jsonl; dialogue/correction format exercises the real trigger)"
experiment_012,sycophantic_gap_fill,trial_199.json,violation,True,,,"published-instrument (direct -- sycophancy-eval, meg-tong/sycophancy-eval, feedback.jsonl; dialogue/correction format exercises the real trigger)"
experiment_012,sycophantic_gap_fill,trial_200.json,violation,True,,,"published-instrument (direct -- sycophancy-eval, meg-tong/sycophancy-eval, feedback.jsonl; dialogue/correction format exercises the real trigger)"
experiment_013,context_degradation,trial_001.json,clean,True,,,"published-instrument (direct -- Lost in the Middle's own prompting.py/metrics.py, real qa_data; nelson-liu/lost-in-the-middle)"
experiment_013,context_degradation,trial_002.json,clean,True,,,"published-instrument (direct -- Lost in the Middle's own prompting.py/metrics.py, real qa_data; nelson-liu/lost-in-the-middle)"
experiment_013,context_degradation,trial_003.json,clean,True,,,"published-instrument (direct -- Lost in the Middle's own prompting.py/metrics.py, real qa_data; nelson-liu/lost-in-the-middle)"
experiment_013,context_degradation,trial_004.json,clean,True,,,"published-instrument (direct -- Lost in the Middle's own prompting.py/metrics.py, real qa_data; nelson-liu/lost-in-the-middle)"
experiment_013,context_degradation,trial_005.json,clean,True,,,"published-instrument (direct -- Lost in the Middle's own prompting.py/metrics.py, real qa_data; nelson-liu/lost-in-the-middle)"
experiment_013,context_degradation,trial_006.json,clean,True,,,"published-instrument (direct -- Lost in the Middle's own prompting.py/metrics.py, real qa_data; nelson-liu/lost-in-the-middle)"
experiment_013,context_degradation,trial_007.json,clean,True,,,"published-instrument (direct -- Lost in the Middle's own prompting.py/metrics.py, real qa_data; nelson-liu/lost-in-the-middle)"
experiment_013,context_degradation,trial_008.json,clean,True,,,"published-instrument (direct -- Lost in the Middle's own prompting.py/metrics.py, real qa_data; nelson-liu/lost-in-the-middle)"
experiment_013,context_degradation,trial_009.json,clean,True,,,"published-instrument (direct -- Lost in the Middle's own prompting.py/metrics.py, real qa_data; nelson-liu/lost-in-the-middle)"
experiment_013,context_degradation,trial_010.json,clean,True,,,"published-instrument (direct -- Lost in the Middle's own prompting.py/metrics.py, real qa_data; nelson-liu/lost-in-the-middle)"
experiment_013,context_degradation,trial_011.json,clean,True,,,"published-instrument (direct -- Lost in the Middle's own prompting.py/metrics.py, real qa_data; nelson-liu/lost-in-the-middle)"
experiment_013,context_degradation,trial_012.json,clean,True,,,"published-instrument (direct -- Lost in the Middle's own prompting.py/metrics.py, real qa_data; nelson-liu/lost-in-the-middle)"
experiment_013,context_degradation,trial_013.json,clean,True,,,"published-instrument (direct -- Lost in the Middle's own prompting.py/metrics.py, real qa_data; nelson-liu/lost-in-the-middle)"
experiment_013,context_degradation,trial_014.json,clean,True,,,"published-instrument (direct -- Lost in the Middle's own prompting.py/metrics.py, real qa_data; nelson-liu/lost-in-the-middle)"
experiment_013,context_degradation,trial_015.json,clean,True,,,"published-instrument (direct -- Lost in the Middle's own prompting.py/metrics.py, real qa_data; nelson-liu/lost-in-the-middle)"
experiment_013,context_degradation,trial_016.json,clean,True,,,"published-instrument (direct -- Lost in the Middle's own prompting.py/metrics.py, real qa_data; nelson-liu/lost-in-the-middle)"
experiment_013,context_degradation,trial_017.json,clean,True,,,"published-instrument (direct -- Lost in the Middle's own prompting.py/metrics.py, real qa_data; nelson-liu/lost-in-the-middle)"
experiment_013,context_degradation,trial_018.json,clean,True,,,"published-instrument (direct -- Lost in the Middle's own prompting.py/metrics.py, real qa_data; nelson-liu/lost-in-the-middle)"
experiment_013,context_degradation,trial_019.json,clean,True,,,"published-instrument (direct -- Lost in the Middle's own prompting.py/metrics.py, real qa_data; nelson-liu/lost-in-the-middle)"
experiment_013,context_degradation,trial_020.json,clean,True,,,"published-instrument (direct -- Lost in the Middle's own prompting.py/metrics.py, real qa_data; nelson-liu/lost-in-the-middle)"
experiment_013,context_degradation,trial_021.json,clean,True,,,"published-instrument (direct -- Lost in the Middle's own prompting.py/metrics.py, real qa_data; nelson-liu/lost-in-the-middle)"
experiment_013,context_degradation,trial_022.json,clean,True,,,"published-instrument (direct -- Lost in the Middle's own prompting.py/metrics.py, real qa_data; nelson-liu/lost-in-the-middle)"
experiment_013,context_degradation,trial_023.json,clean,True,,,"published-instrument (direct -- Lost in the Middle's own prompting.py/metrics.py, real qa_data; nelson-liu/lost-in-the-middle)"
experiment_013,context_degradation,trial_024.json,clean,True,,,"published-instrument (direct -- Lost in the Middle's own prompting.py/metrics.py, real qa_data; nelson-liu/lost-in-the-middle)"
experiment_013,context_degradation,trial_025.json,clean,True,,,"published-instrument (direct -- Lost in the Middle's own prompting.py/metrics.py, real qa_data; nelson-liu/lost-in-the-middle)"
experiment_013,context_degradation,trial_026.json,clean,True,,,"published-instrument (direct -- Lost in the Middle's own prompting.py/metrics.py, real qa_data; nelson-liu/lost-in-the-middle)"
experiment_013,context_degradation,trial_027.json,clean,True,,,"published-instrument (direct -- Lost in the Middle's own prompting.py/metrics.py, real qa_data; nelson-liu/lost-in-the-middle)"
experiment_013,context_degradation,trial_028.json,clean,True,,,"published-instrument (direct -- Lost in the Middle's own prompting.py/metrics.py, real qa_data; nelson-liu/lost-in-the-middle)"
experiment_013,context_degradation,trial_029.json,clean,True,,,"published-instrument (direct -- Lost in the Middle's own prompting.py/metrics.py, real qa_data; nelson-liu/lost-in-the-middle)"
experiment_013,context_degradation,trial_030.json,clean,True,,,"published-instrument (direct -- Lost in the Middle's own prompting.py/metrics.py, real qa_data; nelson-liu/lost-in-the-middle)"
experiment_013,context_degradation,trial_031.json,clean,True,,,"published-instrument (direct -- Lost in the Middle's own prompting.py/metrics.py, real qa_data; nelson-liu/lost-in-the-middle)"
experiment_013,context_degradation,trial_032.json,clean,True,,,"published-instrument (direct -- Lost in the Middle's own prompting.py/metrics.py, real qa_data; nelson-liu/lost-in-the-middle)"
experiment_013,context_degradation,trial_033.json,clean,True,,,"published-instrument (direct -- Lost in the Middle's own prompting.py/metrics.py, real qa_data; nelson-liu/lost-in-the-middle)"
experiment_013,context_degradation,trial_034.json,clean,True,,,"published-instrument (direct -- Lost in the Middle's own prompting.py/metrics.py, real qa_data; nelson-liu/lost-in-the-middle)"
experiment_013,context_degradation,trial_035.json,clean,True,,,"published-instrument (direct -- Lost in the Middle's own prompting.py/metrics.py, real qa_data; nelson-liu/lost-in-the-middle)"
experiment_013,context_degradation,trial_036.json,clean,True,,,"published-instrument (direct -- Lost in the Middle's own prompting.py/metrics.py, real qa_data; nelson-liu/lost-in-the-middle)"
experiment_013,context_degradation,trial_037.json,clean,True,,,"published-instrument (direct -- Lost in the Middle's own prompting.py/metrics.py, real qa_data; nelson-liu/lost-in-the-middle)"
experiment_013,context_degradation,trial_038.json,clean,True,,,"published-instrument (direct -- Lost in the Middle's own prompting.py/metrics.py, real qa_data; nelson-liu/lost-in-the-middle)"
experiment_013,context_degradation,trial_039.json,clean,True,,,"published-instrument (direct -- Lost in the Middle's own prompting.py/metrics.py, real qa_data; nelson-liu/lost-in-the-middle)"
experiment_013,context_degradation,trial_040.json,clean,True,,,"published-instrument (direct -- Lost in the Middle's own prompting.py/metrics.py, real qa_data; nelson-liu/lost-in-the-middle)"
experiment_013,context_degradation,trial_041.json,clean,True,,,"published-instrument (direct -- Lost in the Middle's own prompting.py/metrics.py, real qa_data; nelson-liu/lost-in-the-middle)"
experiment_013,context_degradation,trial_042.json,clean,True,,,"published-instrument (direct -- Lost in the Middle's own prompting.py/metrics.py, real qa_data; nelson-liu/lost-in-the-middle)"
experiment_013,context_degradation,trial_043.json,clean,True,,,"published-instrument (direct -- Lost in the Middle's own prompting.py/metrics.py, real qa_data; nelson-liu/lost-in-the-middle)"
experiment_013,context_degradation,trial_044.json,clean,True,,,"published-instrument (direct -- Lost in the Middle's own prompting.py/metrics.py, real qa_data; nelson-liu/lost-in-the-middle)"
experiment_013,context_degradation,trial_045.json,clean,True,,,"published-instrument (direct -- Lost in the Middle's own prompting.py/metrics.py, real qa_data; nelson-liu/lost-in-the-middle)"
experiment_013,context_degradation,trial_046.json,clean,True,,,"published-instrument (direct -- Lost in the Middle's own prompting.py/metrics.py, real qa_data; nelson-liu/lost-in-the-middle)"
experiment_013,context_degradation,trial_047.json,clean,True,,,"published-instrument (direct -- Lost in the Middle's own prompting.py/metrics.py, real qa_data; nelson-liu/lost-in-the-middle)"
experiment_013,context_degradation,trial_048.json,clean,True,,,"published-instrument (direct -- Lost in the Middle's own prompting.py/metrics.py, real qa_data; nelson-liu/lost-in-the-middle)"
experiment_013,context_degradation,trial_049.json,clean,True,,,"published-instrument (direct -- Lost in the Middle's own prompting.py/metrics.py, real qa_data; nelson-liu/lost-in-the-middle)"
experiment_013,context_degradation,trial_050.json,clean,True,,,"published-instrument (direct -- Lost in the Middle's own prompting.py/metrics.py, real qa_data; nelson-liu/lost-in-the-middle)"
experiment_013,context_degradation,trial_051.json,clean,True,,,"published-instrument (direct -- Lost in the Middle's own prompting.py/metrics.py, real qa_data; nelson-liu/lost-in-the-middle)"
experiment_013,context_degradation,trial_052.json,clean,True,,,"published-instrument (direct -- Lost in the Middle's own prompting.py/metrics.py, real qa_data; nelson-liu/lost-in-the-middle)"
experiment_013,context_degradation,trial_053.json,clean,True,,,"published-instrument (direct -- Lost in the Middle's own prompting.py/metrics.py, real qa_data; nelson-liu/lost-in-the-middle)"
experiment_013,context_degradation,trial_054.json,clean,True,,,"published-instrument (direct -- Lost in the Middle's own prompting.py/metrics.py, real qa_data; nelson-liu/lost-in-the-middle)"
experiment_013,context_degradation,trial_055.json,clean,True,,,"published-instrument (direct -- Lost in the Middle's own prompting.py/metrics.py, real qa_data; nelson-liu/lost-in-the-middle)"
experiment_013,context_degradation,trial_056.json,clean,True,,,"published-instrument (direct -- Lost in the Middle's own prompting.py/metrics.py, real qa_data; nelson-liu/lost-in-the-middle)"
experiment_013,context_degradation,trial_057.json,clean,True,,,"published-instrument (direct -- Lost in the Middle's own prompting.py/metrics.py, real qa_data; nelson-liu/lost-in-the-middle)"
experiment_013,context_degradation,trial_058.json,clean,True,,,"published-instrument (direct -- Lost in the Middle's own prompting.py/metrics.py, real qa_data; nelson-liu/lost-in-the-middle)"
experiment_013,context_degradation,trial_059.json,clean,True,,,"published-instrument (direct -- Lost in the Middle's own prompting.py/metrics.py, real qa_data; nelson-liu/lost-in-the-middle)"
experiment_013,context_degradation,trial_060.json,clean,True,,,"published-instrument (direct -- Lost in the Middle's own prompting.py/metrics.py, real qa_data; nelson-liu/lost-in-the-middle)"
experiment_013,context_degradation,trial_061.json,clean,True,,,"published-instrument (direct -- Lost in the Middle's own prompting.py/metrics.py, real qa_data; nelson-liu/lost-in-the-middle)"
experiment_013,context_degradation,trial_062.json,clean,True,,,"published-instrument (direct -- Lost in the Middle's own prompting.py/metrics.py, real qa_data; nelson-liu/lost-in-the-middle)"
experiment_013,context_degradation,trial_063.json,clean,True,,,"published-instrument (direct -- Lost in the Middle's own prompting.py/metrics.py, real qa_data; nelson-liu/lost-in-the-middle)"
experiment_013,context_degradation,trial_064.json,clean,True,,,"published-instrument (direct -- Lost in the Middle's own prompting.py/metrics.py, real qa_data; nelson-liu/lost-in-the-middle)"
experiment_013,context_degradation,trial_065.json,clean,True,,,"published-instrument (direct -- Lost in the Middle's own prompting.py/metrics.py, real qa_data; nelson-liu/lost-in-the-middle)"
experiment_013,context_degradation,trial_066.json,clean,True,,,"published-instrument (direct -- Lost in the Middle's own prompting.py/metrics.py, real qa_data; nelson-liu/lost-in-the-middle)"
experiment_013,context_degradation,trial_067.json,clean,True,,,"published-instrument (direct -- Lost in the Middle's own prompting.py/metrics.py, real qa_data; nelson-liu/lost-in-the-middle)"
experiment_013,context_degradation,trial_068.json,clean,True,,,"published-instrument (direct -- Lost in the Middle's own prompting.py/metrics.py, real qa_data; nelson-liu/lost-in-the-middle)"
experiment_013,context_degradation,trial_069.json,clean,True,,,"published-instrument (direct -- Lost in the Middle's own prompting.py/metrics.py, real qa_data; nelson-liu/lost-in-the-middle)"
experiment_013,context_degradation,trial_070.json,clean,True,,,"published-instrument (direct -- Lost in the Middle's own prompting.py/metrics.py, real qa_data; nelson-liu/lost-in-the-middle)"
experiment_013,context_degradation,trial_071.json,clean,True,,,"published-instrument (direct -- Lost in the Middle's own prompting.py/metrics.py, real qa_data; nelson-liu/lost-in-the-middle)"
experiment_013,context_degradation,trial_072.json,clean,True,,,"published-instrument (direct -- Lost in the Middle's own prompting.py/metrics.py, real qa_data; nelson-liu/lost-in-the-middle)"
experiment_013,context_degradation,trial_073.json,clean,True,,,"published-instrument (direct -- Lost in the Middle's own prompting.py/metrics.py, real qa_data; nelson-liu/lost-in-the-middle)"
experiment_013,context_degradation,trial_074.json,clean,True,,,"published-instrument (direct -- Lost in the Middle's own prompting.py/metrics.py, real qa_data; nelson-liu/lost-in-the-middle)"
experiment_013,context_degradation,trial_075.json,clean,True,,,"published-instrument (direct -- Lost in the Middle's own prompting.py/metrics.py, real qa_data; nelson-liu/lost-in-the-middle)"
experiment_013,context_degradation,trial_076.json,clean,True,,,"published-instrument (direct -- Lost in the Middle's own prompting.py/metrics.py, real qa_data; nelson-liu/lost-in-the-middle)"
experiment_013,context_degradation,trial_077.json,clean,True,,,"published-instrument (direct -- Lost in the Middle's own prompting.py/metrics.py, real qa_data; nelson-liu/lost-in-the-middle)"
experiment_013,context_degradation,trial_078.json,clean,True,,,"published-instrument (direct -- Lost in the Middle's own prompting.py/metrics.py, real qa_data; nelson-liu/lost-in-the-middle)"
experiment_013,context_degradation,trial_079.json,clean,True,,,"published-instrument (direct -- Lost in the Middle's own prompting.py/metrics.py, real qa_data; nelson-liu/lost-in-the-middle)"
experiment_013,context_degradation,trial_080.json,clean,True,,,"published-instrument (direct -- Lost in the Middle's own prompting.py/metrics.py, real qa_data; nelson-liu/lost-in-the-middle)"
experiment_013,context_degradation,trial_081.json,clean,True,,,"published-instrument (direct -- Lost in the Middle's own prompting.py/metrics.py, real qa_data; nelson-liu/lost-in-the-middle)"
experiment_013,context_degradation,trial_082.json,clean,True,,,"published-instrument (direct -- Lost in the Middle's own prompting.py/metrics.py, real qa_data; nelson-liu/lost-in-the-middle)"
experiment_013,context_degradation,trial_083.json,clean,True,,,"published-instrument (direct -- Lost in the Middle's own prompting.py/metrics.py, real qa_data; nelson-liu/lost-in-the-middle)"
experiment_013,context_degradation,trial_084.json,clean,True,,,"published-instrument (direct -- Lost in the Middle's own prompting.py/metrics.py, real qa_data; nelson-liu/lost-in-the-middle)"
experiment_013,context_degradation,trial_085.json,clean,True,,,"published-instrument (direct -- Lost in the Middle's own prompting.py/metrics.py, real qa_data; nelson-liu/lost-in-the-middle)"
experiment_013,context_degradation,trial_086.json,clean,True,,,"published-instrument (direct -- Lost in the Middle's own prompting.py/metrics.py, real qa_data; nelson-liu/lost-in-the-middle)"
experiment_013,context_degradation,trial_087.json,clean,True,,,"published-instrument (direct -- Lost in the Middle's own prompting.py/metrics.py, real qa_data; nelson-liu/lost-in-the-middle)"
experiment_013,context_degradation,trial_088.json,clean,True,,,"published-instrument (direct -- Lost in the Middle's own prompting.py/metrics.py, real qa_data; nelson-liu/lost-in-the-middle)"
experiment_013,context_degradation,trial_089.json,clean,True,,,"published-instrument (direct -- Lost in the Middle's own prompting.py/metrics.py, real qa_data; nelson-liu/lost-in-the-middle)"
experiment_013,context_degradation,trial_090.json,clean,True,,,"published-instrument (direct -- Lost in the Middle's own prompting.py/metrics.py, real qa_data; nelson-liu/lost-in-the-middle)"
experiment_013,context_degradation,trial_091.json,clean,True,,,"published-instrument (direct -- Lost in the Middle's own prompting.py/metrics.py, real qa_data; nelson-liu/lost-in-the-middle)"
experiment_013,context_degradation,trial_092.json,clean,True,,,"published-instrument (direct -- Lost in the Middle's own prompting.py/metrics.py, real qa_data; nelson-liu/lost-in-the-middle)"
experiment_013,context_degradation,trial_093.json,clean,True,,,"published-instrument (direct -- Lost in the Middle's own prompting.py/metrics.py, real qa_data; nelson-liu/lost-in-the-middle)"
experiment_013,context_degradation,trial_094.json,clean,True,,,"published-instrument (direct -- Lost in the Middle's own prompting.py/metrics.py, real qa_data; nelson-liu/lost-in-the-middle)"
experiment_013,context_degradation,trial_095.json,clean,True,,,"published-instrument (direct -- Lost in the Middle's own prompting.py/metrics.py, real qa_data; nelson-liu/lost-in-the-middle)"
experiment_013,context_degradation,trial_096.json,clean,True,,,"published-instrument (direct -- Lost in the Middle's own prompting.py/metrics.py, real qa_data; nelson-liu/lost-in-the-middle)"
experiment_013,context_degradation,trial_097.json,clean,True,,,"published-instrument (direct -- Lost in the Middle's own prompting.py/metrics.py, real qa_data; nelson-liu/lost-in-the-middle)"
experiment_013,context_degradation,trial_098.json,clean,True,,,"published-instrument (direct -- Lost in the Middle's own prompting.py/metrics.py, real qa_data; nelson-liu/lost-in-the-middle)"
experiment_013,context_degradation,trial_099.json,clean,True,,,"published-instrument (direct -- Lost in the Middle's own prompting.py/metrics.py, real qa_data; nelson-liu/lost-in-the-middle)"
experiment_013,context_degradation,trial_100.json,clean,True,,,"published-instrument (direct -- Lost in the Middle's own prompting.py/metrics.py, real qa_data; nelson-liu/lost-in-the-middle)"
experiment_013,context_degradation,trial_101.json,violation,True,,,"published-instrument (direct -- Lost in the Middle's own prompting.py/metrics.py, real qa_data; nelson-liu/lost-in-the-middle)"
experiment_013,context_degradation,trial_102.json,violation,True,,,"published-instrument (direct -- Lost in the Middle's own prompting.py/metrics.py, real qa_data; nelson-liu/lost-in-the-middle)"
experiment_013,context_degradation,trial_103.json,violation,True,,,"published-instrument (direct -- Lost in the Middle's own prompting.py/metrics.py, real qa_data; nelson-liu/lost-in-the-middle)"
experiment_013,context_degradation,trial_104.json,violation,True,,,"published-instrument (direct -- Lost in the Middle's own prompting.py/metrics.py, real qa_data; nelson-liu/lost-in-the-middle)"
experiment_013,context_degradation,trial_105.json,violation,True,,,"published-instrument (direct -- Lost in the Middle's own prompting.py/metrics.py, real qa_data; nelson-liu/lost-in-the-middle)"
experiment_013,context_degradation,trial_106.json,violation,True,,,"published-instrument (direct -- Lost in the Middle's own prompting.py/metrics.py, real qa_data; nelson-liu/lost-in-the-middle)"
experiment_013,context_degradation,trial_107.json,violation,True,,,"published-instrument (direct -- Lost in the Middle's own prompting.py/metrics.py, real qa_data; nelson-liu/lost-in-the-middle)"
experiment_013,context_degradation,trial_108.json,violation,True,,,"published-instrument (direct -- Lost in the Middle's own prompting.py/metrics.py, real qa_data; nelson-liu/lost-in-the-middle)"
experiment_013,context_degradation,trial_109.json,violation,True,,,"published-instrument (direct -- Lost in the Middle's own prompting.py/metrics.py, real qa_data; nelson-liu/lost-in-the-middle)"
experiment_013,context_degradation,trial_110.json,violation,True,,,"published-instrument (direct -- Lost in the Middle's own prompting.py/metrics.py, real qa_data; nelson-liu/lost-in-the-middle)"
experiment_013,context_degradation,trial_111.json,violation,True,,,"published-instrument (direct -- Lost in the Middle's own prompting.py/metrics.py, real qa_data; nelson-liu/lost-in-the-middle)"
experiment_013,context_degradation,trial_112.json,violation,True,,,"published-instrument (direct -- Lost in the Middle's own prompting.py/metrics.py, real qa_data; nelson-liu/lost-in-the-middle)"
experiment_013,context_degradation,trial_113.json,violation,True,,,"published-instrument (direct -- Lost in the Middle's own prompting.py/metrics.py, real qa_data; nelson-liu/lost-in-the-middle)"
experiment_013,context_degradation,trial_114.json,violation,True,,,"published-instrument (direct -- Lost in the Middle's own prompting.py/metrics.py, real qa_data; nelson-liu/lost-in-the-middle)"
experiment_013,context_degradation,trial_115.json,violation,True,,,"published-instrument (direct -- Lost in the Middle's own prompting.py/metrics.py, real qa_data; nelson-liu/lost-in-the-middle)"
experiment_013,context_degradation,trial_116.json,violation,True,,,"published-instrument (direct -- Lost in the Middle's own prompting.py/metrics.py, real qa_data; nelson-liu/lost-in-the-middle)"
experiment_013,context_degradation,trial_117.json,violation,True,,,"published-instrument (direct -- Lost in the Middle's own prompting.py/metrics.py, real qa_data; nelson-liu/lost-in-the-middle)"
experiment_013,context_degradation,trial_118.json,violation,True,,,"published-instrument (direct -- Lost in the Middle's own prompting.py/metrics.py, real qa_data; nelson-liu/lost-in-the-middle)"
experiment_013,context_degradation,trial_119.json,violation,True,,,"published-instrument (direct -- Lost in the Middle's own prompting.py/metrics.py, real qa_data; nelson-liu/lost-in-the-middle)"
experiment_013,context_degradation,trial_120.json,violation,True,,,"published-instrument (direct -- Lost in the Middle's own prompting.py/metrics.py, real qa_data; nelson-liu/lost-in-the-middle)"
experiment_013,context_degradation,trial_121.json,violation,True,,,"published-instrument (direct -- Lost in the Middle's own prompting.py/metrics.py, real qa_data; nelson-liu/lost-in-the-middle)"
experiment_013,context_degradation,trial_122.json,violation,True,,,"published-instrument (direct -- Lost in the Middle's own prompting.py/metrics.py, real qa_data; nelson-liu/lost-in-the-middle)"
experiment_013,context_degradation,trial_123.json,violation,True,,,"published-instrument (direct -- Lost in the Middle's own prompting.py/metrics.py, real qa_data; nelson-liu/lost-in-the-middle)"
experiment_013,context_degradation,trial_124.json,violation,True,,,"published-instrument (direct -- Lost in the Middle's own prompting.py/metrics.py, real qa_data; nelson-liu/lost-in-the-middle)"
experiment_013,context_degradation,trial_125.json,violation,True,,,"published-instrument (direct -- Lost in the Middle's own prompting.py/metrics.py, real qa_data; nelson-liu/lost-in-the-middle)"
experiment_013,context_degradation,trial_126.json,violation,True,,,"published-instrument (direct -- Lost in the Middle's own prompting.py/metrics.py, real qa_data; nelson-liu/lost-in-the-middle)"
experiment_013,context_degradation,trial_127.json,violation,True,,,"published-instrument (direct -- Lost in the Middle's own prompting.py/metrics.py, real qa_data; nelson-liu/lost-in-the-middle)"
experiment_013,context_degradation,trial_128.json,violation,True,,,"published-instrument (direct -- Lost in the Middle's own prompting.py/metrics.py, real qa_data; nelson-liu/lost-in-the-middle)"
experiment_013,context_degradation,trial_129.json,violation,True,,,"published-instrument (direct -- Lost in the Middle's own prompting.py/metrics.py, real qa_data; nelson-liu/lost-in-the-middle)"
experiment_013,context_degradation,trial_130.json,violation,True,,,"published-instrument (direct -- Lost in the Middle's own prompting.py/metrics.py, real qa_data; nelson-liu/lost-in-the-middle)"
experiment_013,context_degradation,trial_131.json,violation,True,,,"published-instrument (direct -- Lost in the Middle's own prompting.py/metrics.py, real qa_data; nelson-liu/lost-in-the-middle)"
experiment_013,context_degradation,trial_132.json,violation,True,,,"published-instrument (direct -- Lost in the Middle's own prompting.py/metrics.py, real qa_data; nelson-liu/lost-in-the-middle)"
experiment_013,context_degradation,trial_133.json,violation,True,,,"published-instrument (direct -- Lost in the Middle's own prompting.py/metrics.py, real qa_data; nelson-liu/lost-in-the-middle)"
experiment_013,context_degradation,trial_134.json,violation,True,,,"published-instrument (direct -- Lost in the Middle's own prompting.py/metrics.py, real qa_data; nelson-liu/lost-in-the-middle)"
experiment_013,context_degradation,trial_135.json,violation,True,,,"published-instrument (direct -- Lost in the Middle's own prompting.py/metrics.py, real qa_data; nelson-liu/lost-in-the-middle)"
experiment_013,context_degradation,trial_136.json,violation,True,,,"published-instrument (direct -- Lost in the Middle's own prompting.py/metrics.py, real qa_data; nelson-liu/lost-in-the-middle)"
experiment_013,context_degradation,trial_137.json,violation,True,,,"published-instrument (direct -- Lost in the Middle's own prompting.py/metrics.py, real qa_data; nelson-liu/lost-in-the-middle)"
experiment_013,context_degradation,trial_138.json,violation,True,,,"published-instrument (direct -- Lost in the Middle's own prompting.py/metrics.py, real qa_data; nelson-liu/lost-in-the-middle)"
experiment_013,context_degradation,trial_139.json,violation,True,,,"published-instrument (direct -- Lost in the Middle's own prompting.py/metrics.py, real qa_data; nelson-liu/lost-in-the-middle)"
experiment_013,context_degradation,trial_140.json,violation,True,,,"published-instrument (direct -- Lost in the Middle's own prompting.py/metrics.py, real qa_data; nelson-liu/lost-in-the-middle)"
experiment_013,context_degradation,trial_141.json,violation,True,,,"published-instrument (direct -- Lost in the Middle's own prompting.py/metrics.py, real qa_data; nelson-liu/lost-in-the-middle)"
experiment_013,context_degradation,trial_142.json,violation,True,,,"published-instrument (direct -- Lost in the Middle's own prompting.py/metrics.py, real qa_data; nelson-liu/lost-in-the-middle)"
experiment_013,context_degradation,trial_143.json,violation,True,,,"published-instrument (direct -- Lost in the Middle's own prompting.py/metrics.py, real qa_data; nelson-liu/lost-in-the-middle)"
experiment_013,context_degradation,trial_144.json,violation,True,,,"published-instrument (direct -- Lost in the Middle's own prompting.py/metrics.py, real qa_data; nelson-liu/lost-in-the-middle)"
experiment_013,context_degradation,trial_145.json,violation,True,,,"published-instrument (direct -- Lost in the Middle's own prompting.py/metrics.py, real qa_data; nelson-liu/lost-in-the-middle)"
experiment_013,context_degradation,trial_146.json,violation,True,,,"published-instrument (direct -- Lost in the Middle's own prompting.py/metrics.py, real qa_data; nelson-liu/lost-in-the-middle)"
experiment_013,context_degradation,trial_147.json,violation,True,,,"published-instrument (direct -- Lost in the Middle's own prompting.py/metrics.py, real qa_data; nelson-liu/lost-in-the-middle)"
experiment_013,context_degradation,trial_148.json,violation,True,,,"published-instrument (direct -- Lost in the Middle's own prompting.py/metrics.py, real qa_data; nelson-liu/lost-in-the-middle)"
experiment_013,context_degradation,trial_149.json,violation,True,,,"published-instrument (direct -- Lost in the Middle's own prompting.py/metrics.py, real qa_data; nelson-liu/lost-in-the-middle)"
experiment_013,context_degradation,trial_150.json,violation,True,,,"published-instrument (direct -- Lost in the Middle's own prompting.py/metrics.py, real qa_data; nelson-liu/lost-in-the-middle)"
experiment_013,context_degradation,trial_151.json,violation,True,,,"published-instrument (direct -- Lost in the Middle's own prompting.py/metrics.py, real qa_data; nelson-liu/lost-in-the-middle)"
experiment_013,context_degradation,trial_152.json,violation,True,,,"published-instrument (direct -- Lost in the Middle's own prompting.py/metrics.py, real qa_data; nelson-liu/lost-in-the-middle)"
experiment_013,context_degradation,trial_153.json,violation,True,,,"published-instrument (direct -- Lost in the Middle's own prompting.py/metrics.py, real qa_data; nelson-liu/lost-in-the-middle)"
experiment_013,context_degradation,trial_154.json,violation,True,,,"published-instrument (direct -- Lost in the Middle's own prompting.py/metrics.py, real qa_data; nelson-liu/lost-in-the-middle)"
experiment_013,context_degradation,trial_155.json,violation,True,,,"published-instrument (direct -- Lost in the Middle's own prompting.py/metrics.py, real qa_data; nelson-liu/lost-in-the-middle)"
experiment_013,context_degradation,trial_156.json,violation,True,,,"published-instrument (direct -- Lost in the Middle's own prompting.py/metrics.py, real qa_data; nelson-liu/lost-in-the-middle)"
experiment_013,context_degradation,trial_157.json,violation,True,,,"published-instrument (direct -- Lost in the Middle's own prompting.py/metrics.py, real qa_data; nelson-liu/lost-in-the-middle)"
experiment_013,context_degradation,trial_158.json,violation,True,,,"published-instrument (direct -- Lost in the Middle's own prompting.py/metrics.py, real qa_data; nelson-liu/lost-in-the-middle)"
experiment_013,context_degradation,trial_159.json,violation,True,,,"published-instrument (direct -- Lost in the Middle's own prompting.py/metrics.py, real qa_data; nelson-liu/lost-in-the-middle)"
experiment_013,context_degradation,trial_160.json,violation,True,,,"published-instrument (direct -- Lost in the Middle's own prompting.py/metrics.py, real qa_data; nelson-liu/lost-in-the-middle)"
experiment_013,context_degradation,trial_161.json,violation,True,,,"published-instrument (direct -- Lost in the Middle's own prompting.py/metrics.py, real qa_data; nelson-liu/lost-in-the-middle)"
experiment_013,context_degradation,trial_162.json,violation,True,,,"published-instrument (direct -- Lost in the Middle's own prompting.py/metrics.py, real qa_data; nelson-liu/lost-in-the-middle)"
experiment_013,context_degradation,trial_163.json,violation,True,,,"published-instrument (direct -- Lost in the Middle's own prompting.py/metrics.py, real qa_data; nelson-liu/lost-in-the-middle)"
experiment_013,context_degradation,trial_164.json,violation,True,,,"published-instrument (direct -- Lost in the Middle's own prompting.py/metrics.py, real qa_data; nelson-liu/lost-in-the-middle)"
experiment_013,context_degradation,trial_165.json,violation,True,,,"published-instrument (direct -- Lost in the Middle's own prompting.py/metrics.py, real qa_data; nelson-liu/lost-in-the-middle)"
experiment_013,context_degradation,trial_166.json,violation,True,,,"published-instrument (direct -- Lost in the Middle's own prompting.py/metrics.py, real qa_data; nelson-liu/lost-in-the-middle)"
experiment_013,context_degradation,trial_167.json,violation,True,,,"published-instrument (direct -- Lost in the Middle's own prompting.py/metrics.py, real qa_data; nelson-liu/lost-in-the-middle)"
experiment_013,context_degradation,trial_168.json,violation,True,,,"published-instrument (direct -- Lost in the Middle's own prompting.py/metrics.py, real qa_data; nelson-liu/lost-in-the-middle)"
experiment_013,context_degradation,trial_169.json,violation,True,,,"published-instrument (direct -- Lost in the Middle's own prompting.py/metrics.py, real qa_data; nelson-liu/lost-in-the-middle)"
experiment_013,context_degradation,trial_170.json,violation,True,,,"published-instrument (direct -- Lost in the Middle's own prompting.py/metrics.py, real qa_data; nelson-liu/lost-in-the-middle)"
experiment_013,context_degradation,trial_171.json,violation,True,,,"published-instrument (direct -- Lost in the Middle's own prompting.py/metrics.py, real qa_data; nelson-liu/lost-in-the-middle)"
experiment_013,context_degradation,trial_172.json,violation,True,,,"published-instrument (direct -- Lost in the Middle's own prompting.py/metrics.py, real qa_data; nelson-liu/lost-in-the-middle)"
experiment_013,context_degradation,trial_173.json,violation,True,,,"published-instrument (direct -- Lost in the Middle's own prompting.py/metrics.py, real qa_data; nelson-liu/lost-in-the-middle)"
experiment_013,context_degradation,trial_174.json,violation,True,,,"published-instrument (direct -- Lost in the Middle's own prompting.py/metrics.py, real qa_data; nelson-liu/lost-in-the-middle)"
experiment_013,context_degradation,trial_175.json,violation,True,,,"published-instrument (direct -- Lost in the Middle's own prompting.py/metrics.py, real qa_data; nelson-liu/lost-in-the-middle)"
experiment_013,context_degradation,trial_176.json,violation,True,,,"published-instrument (direct -- Lost in the Middle's own prompting.py/metrics.py, real qa_data; nelson-liu/lost-in-the-middle)"
experiment_013,context_degradation,trial_177.json,violation,True,,,"published-instrument (direct -- Lost in the Middle's own prompting.py/metrics.py, real qa_data; nelson-liu/lost-in-the-middle)"
experiment_013,context_degradation,trial_178.json,violation,True,,,"published-instrument (direct -- Lost in the Middle's own prompting.py/metrics.py, real qa_data; nelson-liu/lost-in-the-middle)"
experiment_013,context_degradation,trial_179.json,violation,True,,,"published-instrument (direct -- Lost in the Middle's own prompting.py/metrics.py, real qa_data; nelson-liu/lost-in-the-middle)"
experiment_013,context_degradation,trial_180.json,violation,True,,,"published-instrument (direct -- Lost in the Middle's own prompting.py/metrics.py, real qa_data; nelson-liu/lost-in-the-middle)"
experiment_013,context_degradation,trial_181.json,violation,True,,,"published-instrument (direct -- Lost in the Middle's own prompting.py/metrics.py, real qa_data; nelson-liu/lost-in-the-middle)"
experiment_013,context_degradation,trial_182.json,violation,True,,,"published-instrument (direct -- Lost in the Middle's own prompting.py/metrics.py, real qa_data; nelson-liu/lost-in-the-middle)"
experiment_013,context_degradation,trial_183.json,violation,True,,,"published-instrument (direct -- Lost in the Middle's own prompting.py/metrics.py, real qa_data; nelson-liu/lost-in-the-middle)"
experiment_013,context_degradation,trial_184.json,violation,True,,,"published-instrument (direct -- Lost in the Middle's own prompting.py/metrics.py, real qa_data; nelson-liu/lost-in-the-middle)"
experiment_013,context_degradation,trial_185.json,violation,True,,,"published-instrument (direct -- Lost in the Middle's own prompting.py/metrics.py, real qa_data; nelson-liu/lost-in-the-middle)"
experiment_013,context_degradation,trial_186.json,violation,True,,,"published-instrument (direct -- Lost in the Middle's own prompting.py/metrics.py, real qa_data; nelson-liu/lost-in-the-middle)"
experiment_013,context_degradation,trial_187.json,violation,True,,,"published-instrument (direct -- Lost in the Middle's own prompting.py/metrics.py, real qa_data; nelson-liu/lost-in-the-middle)"
experiment_013,context_degradation,trial_188.json,violation,True,,,"published-instrument (direct -- Lost in the Middle's own prompting.py/metrics.py, real qa_data; nelson-liu/lost-in-the-middle)"
experiment_013,context_degradation,trial_189.json,violation,True,,,"published-instrument (direct -- Lost in the Middle's own prompting.py/metrics.py, real qa_data; nelson-liu/lost-in-the-middle)"
experiment_013,context_degradation,trial_190.json,violation,True,,,"published-instrument (direct -- Lost in the Middle's own prompting.py/metrics.py, real qa_data; nelson-liu/lost-in-the-middle)"
experiment_013,context_degradation,trial_191.json,violation,True,,,"published-instrument (direct -- Lost in the Middle's own prompting.py/metrics.py, real qa_data; nelson-liu/lost-in-the-middle)"
experiment_013,context_degradation,trial_192.json,violation,True,,,"published-instrument (direct -- Lost in the Middle's own prompting.py/metrics.py, real qa_data; nelson-liu/lost-in-the-middle)"
experiment_013,context_degradation,trial_193.json,violation,True,,,"published-instrument (direct -- Lost in the Middle's own prompting.py/metrics.py, real qa_data; nelson-liu/lost-in-the-middle)"
experiment_013,context_degradation,trial_194.json,violation,True,,,"published-instrument (direct -- Lost in the Middle's own prompting.py/metrics.py, real qa_data; nelson-liu/lost-in-the-middle)"
experiment_013,context_degradation,trial_195.json,violation,True,,,"published-instrument (direct -- Lost in the Middle's own prompting.py/metrics.py, real qa_data; nelson-liu/lost-in-the-middle)"
experiment_013,context_degradation,trial_196.json,violation,True,,,"published-instrument (direct -- Lost in the Middle's own prompting.py/metrics.py, real qa_data; nelson-liu/lost-in-the-middle)"
experiment_013,context_degradation,trial_197.json,violation,True,,,"published-instrument (direct -- Lost in the Middle's own prompting.py/metrics.py, real qa_data; nelson-liu/lost-in-the-middle)"
experiment_013,context_degradation,trial_198.json,violation,True,,,"published-instrument (direct -- Lost in the Middle's own prompting.py/metrics.py, real qa_data; nelson-liu/lost-in-the-middle)"
experiment_013,context_degradation,trial_199.json,violation,True,,,"published-instrument (direct -- Lost in the Middle's own prompting.py/metrics.py, real qa_data; nelson-liu/lost-in-the-middle)"
experiment_013,context_degradation,trial_200.json,violation,True,,,"published-instrument (direct -- Lost in the Middle's own prompting.py/metrics.py, real qa_data; nelson-liu/lost-in-the-middle)"
experiment_014,repetition_loop,trial_001.json,clean,True,,,custom-constructed (synthetic hash injection — correct instrument for hash-based detector)
experiment_014,repetition_loop,trial_002.json,clean,True,,,custom-constructed (synthetic hash injection — correct instrument for hash-based detector)
experiment_014,repetition_loop,trial_003.json,clean,True,,,custom-constructed (synthetic hash injection — correct instrument for hash-based detector)
experiment_014,repetition_loop,trial_004.json,clean,True,,,custom-constructed (synthetic hash injection — correct instrument for hash-based detector)
experiment_014,repetition_loop,trial_005.json,clean,True,,,custom-constructed (synthetic hash injection — correct instrument for hash-based detector)
experiment_014,repetition_loop,trial_006.json,clean,True,,,custom-constructed (synthetic hash injection — correct instrument for hash-based detector)
experiment_014,repetition_loop,trial_007.json,clean,True,,,custom-constructed (synthetic hash injection — correct instrument for hash-based detector)
experiment_014,repetition_loop,trial_008.json,clean,True,,,custom-constructed (synthetic hash injection — correct instrument for hash-based detector)
experiment_014,repetition_loop,trial_009.json,clean,True,,,custom-constructed (synthetic hash injection — correct instrument for hash-based detector)
experiment_014,repetition_loop,trial_010.json,clean,True,,,custom-constructed (synthetic hash injection — correct instrument for hash-based detector)
experiment_014,repetition_loop,trial_011.json,clean,True,,,custom-constructed (synthetic hash injection — correct instrument for hash-based detector)
experiment_014,repetition_loop,trial_012.json,clean,True,,,custom-constructed (synthetic hash injection — correct instrument for hash-based detector)
experiment_014,repetition_loop,trial_013.json,clean,True,,,custom-constructed (synthetic hash injection — correct instrument for hash-based detector)
experiment_014,repetition_loop,trial_014.json,clean,True,,,custom-constructed (synthetic hash injection — correct instrument for hash-based detector)
experiment_014,repetition_loop,trial_015.json,clean,True,,,custom-constructed (synthetic hash injection — correct instrument for hash-based detector)
experiment_014,repetition_loop,trial_016.json,clean,True,,,custom-constructed (synthetic hash injection — correct instrument for hash-based detector)
experiment_014,repetition_loop,trial_017.json,clean,True,,,custom-constructed (synthetic hash injection — correct instrument for hash-based detector)
experiment_014,repetition_loop,trial_018.json,clean,True,,,custom-constructed (synthetic hash injection — correct instrument for hash-based detector)
experiment_014,repetition_loop,trial_019.json,clean,True,,,custom-constructed (synthetic hash injection — correct instrument for hash-based detector)
experiment_014,repetition_loop,trial_020.json,clean,True,,,custom-constructed (synthetic hash injection — correct instrument for hash-based detector)
experiment_014,repetition_loop,trial_021.json,clean,True,,,custom-constructed (synthetic hash injection — correct instrument for hash-based detector)
experiment_014,repetition_loop,trial_022.json,clean,True,,,custom-constructed (synthetic hash injection — correct instrument for hash-based detector)
experiment_014,repetition_loop,trial_023.json,clean,True,,,custom-constructed (synthetic hash injection — correct instrument for hash-based detector)
experiment_014,repetition_loop,trial_024.json,clean,True,,,custom-constructed (synthetic hash injection — correct instrument for hash-based detector)
experiment_014,repetition_loop,trial_025.json,clean,True,,,custom-constructed (synthetic hash injection — correct instrument for hash-based detector)
experiment_014,repetition_loop,trial_026.json,clean,True,,,custom-constructed (synthetic hash injection — correct instrument for hash-based detector)
experiment_014,repetition_loop,trial_027.json,clean,True,,,custom-constructed (synthetic hash injection — correct instrument for hash-based detector)
experiment_014,repetition_loop,trial_028.json,clean,True,,,custom-constructed (synthetic hash injection — correct instrument for hash-based detector)
experiment_014,repetition_loop,trial_029.json,clean,True,,,custom-constructed (synthetic hash injection — correct instrument for hash-based detector)
experiment_014,repetition_loop,trial_030.json,clean,True,,,custom-constructed (synthetic hash injection — correct instrument for hash-based detector)
experiment_014,repetition_loop,trial_031.json,clean,True,,,custom-constructed (synthetic hash injection — correct instrument for hash-based detector)
experiment_014,repetition_loop,trial_032.json,clean,True,,,custom-constructed (synthetic hash injection — correct instrument for hash-based detector)
experiment_014,repetition_loop,trial_033.json,clean,True,,,custom-constructed (synthetic hash injection — correct instrument for hash-based detector)
experiment_014,repetition_loop,trial_034.json,clean,True,,,custom-constructed (synthetic hash injection — correct instrument for hash-based detector)
experiment_014,repetition_loop,trial_035.json,clean,True,,,custom-constructed (synthetic hash injection — correct instrument for hash-based detector)
experiment_014,repetition_loop,trial_036.json,clean,True,,,custom-constructed (synthetic hash injection — correct instrument for hash-based detector)
experiment_014,repetition_loop,trial_037.json,clean,True,,,custom-constructed (synthetic hash injection — correct instrument for hash-based detector)
experiment_014,repetition_loop,trial_038.json,clean,True,,,custom-constructed (synthetic hash injection — correct instrument for hash-based detector)
experiment_014,repetition_loop,trial_039.json,clean,True,,,custom-constructed (synthetic hash injection — correct instrument for hash-based detector)
experiment_014,repetition_loop,trial_040.json,clean,True,,,custom-constructed (synthetic hash injection — correct instrument for hash-based detector)
experiment_014,repetition_loop,trial_041.json,clean,True,,,custom-constructed (synthetic hash injection — correct instrument for hash-based detector)
experiment_014,repetition_loop,trial_042.json,clean,True,,,custom-constructed (synthetic hash injection — correct instrument for hash-based detector)
experiment_014,repetition_loop,trial_043.json,clean,True,,,custom-constructed (synthetic hash injection — correct instrument for hash-based detector)
experiment_014,repetition_loop,trial_044.json,clean,True,,,custom-constructed (synthetic hash injection — correct instrument for hash-based detector)
experiment_014,repetition_loop,trial_045.json,clean,True,,,custom-constructed (synthetic hash injection — correct instrument for hash-based detector)
experiment_014,repetition_loop,trial_046.json,clean,True,,,custom-constructed (synthetic hash injection — correct instrument for hash-based detector)
experiment_014,repetition_loop,trial_047.json,clean,True,,,custom-constructed (synthetic hash injection — correct instrument for hash-based detector)
experiment_014,repetition_loop,trial_048.json,clean,True,,,custom-constructed (synthetic hash injection — correct instrument for hash-based detector)
experiment_014,repetition_loop,trial_049.json,clean,True,,,custom-constructed (synthetic hash injection — correct instrument for hash-based detector)
experiment_014,repetition_loop,trial_050.json,clean,True,,,custom-constructed (synthetic hash injection — correct instrument for hash-based detector)
experiment_014,repetition_loop,trial_051.json,clean,True,,,custom-constructed (synthetic hash injection — correct instrument for hash-based detector)
experiment_014,repetition_loop,trial_052.json,clean,True,,,custom-constructed (synthetic hash injection — correct instrument for hash-based detector)
experiment_014,repetition_loop,trial_053.json,clean,True,,,custom-constructed (synthetic hash injection — correct instrument for hash-based detector)
experiment_014,repetition_loop,trial_054.json,clean,True,,,custom-constructed (synthetic hash injection — correct instrument for hash-based detector)
experiment_014,repetition_loop,trial_055.json,clean,True,,,custom-constructed (synthetic hash injection — correct instrument for hash-based detector)
experiment_014,repetition_loop,trial_056.json,clean,True,,,custom-constructed (synthetic hash injection — correct instrument for hash-based detector)
experiment_014,repetition_loop,trial_057.json,clean,True,,,custom-constructed (synthetic hash injection — correct instrument for hash-based detector)
experiment_014,repetition_loop,trial_058.json,clean,True,,,custom-constructed (synthetic hash injection — correct instrument for hash-based detector)
experiment_014,repetition_loop,trial_059.json,clean,True,,,custom-constructed (synthetic hash injection — correct instrument for hash-based detector)
experiment_014,repetition_loop,trial_060.json,clean,True,,,custom-constructed (synthetic hash injection — correct instrument for hash-based detector)
experiment_014,repetition_loop,trial_061.json,clean,True,,,custom-constructed (synthetic hash injection — correct instrument for hash-based detector)
experiment_014,repetition_loop,trial_062.json,clean,True,,,custom-constructed (synthetic hash injection — correct instrument for hash-based detector)
experiment_014,repetition_loop,trial_063.json,clean,True,,,custom-constructed (synthetic hash injection — correct instrument for hash-based detector)
experiment_014,repetition_loop,trial_064.json,clean,True,,,custom-constructed (synthetic hash injection — correct instrument for hash-based detector)
experiment_014,repetition_loop,trial_065.json,clean,True,,,custom-constructed (synthetic hash injection — correct instrument for hash-based detector)
experiment_014,repetition_loop,trial_066.json,clean,True,,,custom-constructed (synthetic hash injection — correct instrument for hash-based detector)
experiment_014,repetition_loop,trial_067.json,clean,True,,,custom-constructed (synthetic hash injection — correct instrument for hash-based detector)
experiment_014,repetition_loop,trial_068.json,clean,True,,,custom-constructed (synthetic hash injection — correct instrument for hash-based detector)
experiment_014,repetition_loop,trial_069.json,clean,True,,,custom-constructed (synthetic hash injection — correct instrument for hash-based detector)
experiment_014,repetition_loop,trial_070.json,clean,True,,,custom-constructed (synthetic hash injection — correct instrument for hash-based detector)
experiment_014,repetition_loop,trial_071.json,clean,True,,,custom-constructed (synthetic hash injection — correct instrument for hash-based detector)
experiment_014,repetition_loop,trial_072.json,clean,True,,,custom-constructed (synthetic hash injection — correct instrument for hash-based detector)
experiment_014,repetition_loop,trial_073.json,clean,True,,,custom-constructed (synthetic hash injection — correct instrument for hash-based detector)
experiment_014,repetition_loop,trial_074.json,clean,True,,,custom-constructed (synthetic hash injection — correct instrument for hash-based detector)
experiment_014,repetition_loop,trial_075.json,clean,True,,,custom-constructed (synthetic hash injection — correct instrument for hash-based detector)
experiment_014,repetition_loop,trial_076.json,clean,True,,,custom-constructed (synthetic hash injection — correct instrument for hash-based detector)
experiment_014,repetition_loop,trial_077.json,clean,True,,,custom-constructed (synthetic hash injection — correct instrument for hash-based detector)
experiment_014,repetition_loop,trial_078.json,clean,True,,,custom-constructed (synthetic hash injection — correct instrument for hash-based detector)
experiment_014,repetition_loop,trial_079.json,clean,True,,,custom-constructed (synthetic hash injection — correct instrument for hash-based detector)
experiment_014,repetition_loop,trial_080.json,clean,True,,,custom-constructed (synthetic hash injection — correct instrument for hash-based detector)
experiment_014,repetition_loop,trial_081.json,clean,True,,,custom-constructed (synthetic hash injection — correct instrument for hash-based detector)
experiment_014,repetition_loop,trial_082.json,clean,True,,,custom-constructed (synthetic hash injection — correct instrument for hash-based detector)
experiment_014,repetition_loop,trial_083.json,clean,True,,,custom-constructed (synthetic hash injection — correct instrument for hash-based detector)
experiment_014,repetition_loop,trial_084.json,clean,True,,,custom-constructed (synthetic hash injection — correct instrument for hash-based detector)
experiment_014,repetition_loop,trial_085.json,clean,True,,,custom-constructed (synthetic hash injection — correct instrument for hash-based detector)
experiment_014,repetition_loop,trial_086.json,clean,True,,,custom-constructed (synthetic hash injection — correct instrument for hash-based detector)
experiment_014,repetition_loop,trial_087.json,clean,True,,,custom-constructed (synthetic hash injection — correct instrument for hash-based detector)
experiment_014,repetition_loop,trial_088.json,clean,True,,,custom-constructed (synthetic hash injection — correct instrument for hash-based detector)
experiment_014,repetition_loop,trial_089.json,clean,True,,,custom-constructed (synthetic hash injection — correct instrument for hash-based detector)
experiment_014,repetition_loop,trial_090.json,clean,True,,,custom-constructed (synthetic hash injection — correct instrument for hash-based detector)
experiment_014,repetition_loop,trial_091.json,clean,True,,,custom-constructed (synthetic hash injection — correct instrument for hash-based detector)
experiment_014,repetition_loop,trial_092.json,clean,True,,,custom-constructed (synthetic hash injection — correct instrument for hash-based detector)
experiment_014,repetition_loop,trial_093.json,clean,True,,,custom-constructed (synthetic hash injection — correct instrument for hash-based detector)
experiment_014,repetition_loop,trial_094.json,clean,True,,,custom-constructed (synthetic hash injection — correct instrument for hash-based detector)
experiment_014,repetition_loop,trial_095.json,clean,True,,,custom-constructed (synthetic hash injection — correct instrument for hash-based detector)
experiment_014,repetition_loop,trial_096.json,clean,True,,,custom-constructed (synthetic hash injection — correct instrument for hash-based detector)
experiment_014,repetition_loop,trial_097.json,clean,True,,,custom-constructed (synthetic hash injection — correct instrument for hash-based detector)
experiment_014,repetition_loop,trial_098.json,clean,True,,,custom-constructed (synthetic hash injection — correct instrument for hash-based detector)
experiment_014,repetition_loop,trial_099.json,clean,True,,,custom-constructed (synthetic hash injection — correct instrument for hash-based detector)
experiment_014,repetition_loop,trial_100.json,clean,True,,,custom-constructed (synthetic hash injection — correct instrument for hash-based detector)
experiment_014,repetition_loop,trial_101.json,violation,True,,,custom-constructed (synthetic hash injection — correct instrument for hash-based detector)
experiment_014,repetition_loop,trial_102.json,violation,True,,,custom-constructed (synthetic hash injection — correct instrument for hash-based detector)
experiment_014,repetition_loop,trial_103.json,violation,True,,,custom-constructed (synthetic hash injection — correct instrument for hash-based detector)
experiment_014,repetition_loop,trial_104.json,violation,True,,,custom-constructed (synthetic hash injection — correct instrument for hash-based detector)
experiment_014,repetition_loop,trial_105.json,violation,True,,,custom-constructed (synthetic hash injection — correct instrument for hash-based detector)
experiment_014,repetition_loop,trial_106.json,violation,True,,,custom-constructed (synthetic hash injection — correct instrument for hash-based detector)
experiment_014,repetition_loop,trial_107.json,violation,True,,,custom-constructed (synthetic hash injection — correct instrument for hash-based detector)
experiment_014,repetition_loop,trial_108.json,violation,True,,,custom-constructed (synthetic hash injection — correct instrument for hash-based detector)
experiment_014,repetition_loop,trial_109.json,violation,True,,,custom-constructed (synthetic hash injection — correct instrument for hash-based detector)
experiment_014,repetition_loop,trial_110.json,violation,True,,,custom-constructed (synthetic hash injection — correct instrument for hash-based detector)
experiment_014,repetition_loop,trial_111.json,violation,True,,,custom-constructed (synthetic hash injection — correct instrument for hash-based detector)
experiment_014,repetition_loop,trial_112.json,violation,True,,,custom-constructed (synthetic hash injection — correct instrument for hash-based detector)
experiment_014,repetition_loop,trial_113.json,violation,True,,,custom-constructed (synthetic hash injection — correct instrument for hash-based detector)
experiment_014,repetition_loop,trial_114.json,violation,True,,,custom-constructed (synthetic hash injection — correct instrument for hash-based detector)
experiment_014,repetition_loop,trial_115.json,violation,True,,,custom-constructed (synthetic hash injection — correct instrument for hash-based detector)
experiment_014,repetition_loop,trial_116.json,violation,True,,,custom-constructed (synthetic hash injection — correct instrument for hash-based detector)
experiment_014,repetition_loop,trial_117.json,violation,True,,,custom-constructed (synthetic hash injection — correct instrument for hash-based detector)
experiment_014,repetition_loop,trial_118.json,violation,True,,,custom-constructed (synthetic hash injection — correct instrument for hash-based detector)
experiment_014,repetition_loop,trial_119.json,violation,True,,,custom-constructed (synthetic hash injection — correct instrument for hash-based detector)
experiment_014,repetition_loop,trial_120.json,violation,True,,,custom-constructed (synthetic hash injection — correct instrument for hash-based detector)
experiment_014,repetition_loop,trial_121.json,violation,True,,,custom-constructed (synthetic hash injection — correct instrument for hash-based detector)
experiment_014,repetition_loop,trial_122.json,violation,True,,,custom-constructed (synthetic hash injection — correct instrument for hash-based detector)
experiment_014,repetition_loop,trial_123.json,violation,True,,,custom-constructed (synthetic hash injection — correct instrument for hash-based detector)
experiment_014,repetition_loop,trial_124.json,violation,True,,,custom-constructed (synthetic hash injection — correct instrument for hash-based detector)
experiment_014,repetition_loop,trial_125.json,violation,True,,,custom-constructed (synthetic hash injection — correct instrument for hash-based detector)
experiment_014,repetition_loop,trial_126.json,violation,True,,,custom-constructed (synthetic hash injection — correct instrument for hash-based detector)
experiment_014,repetition_loop,trial_127.json,violation,True,,,custom-constructed (synthetic hash injection — correct instrument for hash-based detector)
experiment_014,repetition_loop,trial_128.json,violation,True,,,custom-constructed (synthetic hash injection — correct instrument for hash-based detector)
experiment_014,repetition_loop,trial_129.json,violation,True,,,custom-constructed (synthetic hash injection — correct instrument for hash-based detector)
experiment_014,repetition_loop,trial_130.json,violation,True,,,custom-constructed (synthetic hash injection — correct instrument for hash-based detector)
experiment_014,repetition_loop,trial_131.json,violation,True,,,custom-constructed (synthetic hash injection — correct instrument for hash-based detector)
experiment_014,repetition_loop,trial_132.json,violation,True,,,custom-constructed (synthetic hash injection — correct instrument for hash-based detector)
experiment_014,repetition_loop,trial_133.json,violation,True,,,custom-constructed (synthetic hash injection — correct instrument for hash-based detector)
experiment_014,repetition_loop,trial_134.json,violation,True,,,custom-constructed (synthetic hash injection — correct instrument for hash-based detector)
experiment_014,repetition_loop,trial_135.json,violation,True,,,custom-constructed (synthetic hash injection — correct instrument for hash-based detector)
experiment_014,repetition_loop,trial_136.json,violation,True,,,custom-constructed (synthetic hash injection — correct instrument for hash-based detector)
experiment_014,repetition_loop,trial_137.json,violation,True,,,custom-constructed (synthetic hash injection — correct instrument for hash-based detector)
experiment_014,repetition_loop,trial_138.json,violation,True,,,custom-constructed (synthetic hash injection — correct instrument for hash-based detector)
experiment_014,repetition_loop,trial_139.json,violation,True,,,custom-constructed (synthetic hash injection — correct instrument for hash-based detector)
experiment_014,repetition_loop,trial_140.json,violation,True,,,custom-constructed (synthetic hash injection — correct instrument for hash-based detector)
experiment_014,repetition_loop,trial_141.json,violation,True,,,custom-constructed (synthetic hash injection — correct instrument for hash-based detector)
experiment_014,repetition_loop,trial_142.json,violation,True,,,custom-constructed (synthetic hash injection — correct instrument for hash-based detector)
experiment_014,repetition_loop,trial_143.json,violation,True,,,custom-constructed (synthetic hash injection — correct instrument for hash-based detector)
experiment_014,repetition_loop,trial_144.json,violation,True,,,custom-constructed (synthetic hash injection — correct instrument for hash-based detector)
experiment_014,repetition_loop,trial_145.json,violation,True,,,custom-constructed (synthetic hash injection — correct instrument for hash-based detector)
experiment_014,repetition_loop,trial_146.json,violation,True,,,custom-constructed (synthetic hash injection — correct instrument for hash-based detector)
experiment_014,repetition_loop,trial_147.json,violation,True,,,custom-constructed (synthetic hash injection — correct instrument for hash-based detector)
experiment_014,repetition_loop,trial_148.json,violation,True,,,custom-constructed (synthetic hash injection — correct instrument for hash-based detector)
experiment_014,repetition_loop,trial_149.json,violation,True,,,custom-constructed (synthetic hash injection — correct instrument for hash-based detector)
experiment_014,repetition_loop,trial_150.json,violation,True,,,custom-constructed (synthetic hash injection — correct instrument for hash-based detector)
experiment_014,repetition_loop,trial_151.json,violation,True,,,custom-constructed (synthetic hash injection — correct instrument for hash-based detector)
experiment_014,repetition_loop,trial_152.json,violation,True,,,custom-constructed (synthetic hash injection — correct instrument for hash-based detector)
experiment_014,repetition_loop,trial_153.json,violation,True,,,custom-constructed (synthetic hash injection — correct instrument for hash-based detector)
experiment_014,repetition_loop,trial_154.json,violation,True,,,custom-constructed (synthetic hash injection — correct instrument for hash-based detector)
experiment_014,repetition_loop,trial_155.json,violation,True,,,custom-constructed (synthetic hash injection — correct instrument for hash-based detector)
experiment_014,repetition_loop,trial_156.json,violation,True,,,custom-constructed (synthetic hash injection — correct instrument for hash-based detector)
experiment_014,repetition_loop,trial_157.json,violation,True,,,custom-constructed (synthetic hash injection — correct instrument for hash-based detector)
experiment_014,repetition_loop,trial_158.json,violation,True,,,custom-constructed (synthetic hash injection — correct instrument for hash-based detector)
experiment_014,repetition_loop,trial_159.json,violation,True,,,custom-constructed (synthetic hash injection — correct instrument for hash-based detector)
experiment_014,repetition_loop,trial_160.json,violation,True,,,custom-constructed (synthetic hash injection — correct instrument for hash-based detector)
experiment_014,repetition_loop,trial_161.json,violation,True,,,custom-constructed (synthetic hash injection — correct instrument for hash-based detector)
experiment_014,repetition_loop,trial_162.json,violation,True,,,custom-constructed (synthetic hash injection — correct instrument for hash-based detector)
experiment_014,repetition_loop,trial_163.json,violation,True,,,custom-constructed (synthetic hash injection — correct instrument for hash-based detector)
experiment_014,repetition_loop,trial_164.json,violation,True,,,custom-constructed (synthetic hash injection — correct instrument for hash-based detector)
experiment_014,repetition_loop,trial_165.json,violation,True,,,custom-constructed (synthetic hash injection — correct instrument for hash-based detector)
experiment_014,repetition_loop,trial_166.json,violation,True,,,custom-constructed (synthetic hash injection — correct instrument for hash-based detector)
experiment_014,repetition_loop,trial_167.json,violation,True,,,custom-constructed (synthetic hash injection — correct instrument for hash-based detector)
experiment_014,repetition_loop,trial_168.json,violation,True,,,custom-constructed (synthetic hash injection — correct instrument for hash-based detector)
experiment_014,repetition_loop,trial_169.json,violation,True,,,custom-constructed (synthetic hash injection — correct instrument for hash-based detector)
experiment_014,repetition_loop,trial_170.json,violation,True,,,custom-constructed (synthetic hash injection — correct instrument for hash-based detector)
experiment_014,repetition_loop,trial_171.json,violation,True,,,custom-constructed (synthetic hash injection — correct instrument for hash-based detector)
experiment_014,repetition_loop,trial_172.json,violation,True,,,custom-constructed (synthetic hash injection — correct instrument for hash-based detector)
experiment_014,repetition_loop,trial_173.json,violation,True,,,custom-constructed (synthetic hash injection — correct instrument for hash-based detector)
experiment_014,repetition_loop,trial_174.json,violation,True,,,custom-constructed (synthetic hash injection — correct instrument for hash-based detector)
experiment_014,repetition_loop,trial_175.json,violation,True,,,custom-constructed (synthetic hash injection — correct instrument for hash-based detector)
experiment_014,repetition_loop,trial_176.json,violation,True,,,custom-constructed (synthetic hash injection — correct instrument for hash-based detector)
experiment_014,repetition_loop,trial_177.json,violation,True,,,custom-constructed (synthetic hash injection — correct instrument for hash-based detector)
experiment_014,repetition_loop,trial_178.json,violation,True,,,custom-constructed (synthetic hash injection — correct instrument for hash-based detector)
experiment_014,repetition_loop,trial_179.json,violation,True,,,custom-constructed (synthetic hash injection — correct instrument for hash-based detector)
experiment_014,repetition_loop,trial_180.json,violation,True,,,custom-constructed (synthetic hash injection — correct instrument for hash-based detector)
experiment_014,repetition_loop,trial_181.json,violation,True,,,custom-constructed (synthetic hash injection — correct instrument for hash-based detector)
experiment_014,repetition_loop,trial_182.json,violation,True,,,custom-constructed (synthetic hash injection — correct instrument for hash-based detector)
experiment_014,repetition_loop,trial_183.json,violation,True,,,custom-constructed (synthetic hash injection — correct instrument for hash-based detector)
experiment_014,repetition_loop,trial_184.json,violation,True,,,custom-constructed (synthetic hash injection — correct instrument for hash-based detector)
experiment_014,repetition_loop,trial_185.json,violation,True,,,custom-constructed (synthetic hash injection — correct instrument for hash-based detector)
experiment_014,repetition_loop,trial_186.json,violation,True,,,custom-constructed (synthetic hash injection — correct instrument for hash-based detector)
experiment_014,repetition_loop,trial_187.json,violation,True,,,custom-constructed (synthetic hash injection — correct instrument for hash-based detector)
experiment_014,repetition_loop,trial_188.json,violation,True,,,custom-constructed (synthetic hash injection — correct instrument for hash-based detector)
experiment_014,repetition_loop,trial_189.json,violation,True,,,custom-constructed (synthetic hash injection — correct instrument for hash-based detector)
experiment_014,repetition_loop,trial_190.json,violation,True,,,custom-constructed (synthetic hash injection — correct instrument for hash-based detector)
experiment_014,repetition_loop,trial_191.json,violation,True,,,custom-constructed (synthetic hash injection — correct instrument for hash-based detector)
experiment_014,repetition_loop,trial_192.json,violation,True,,,custom-constructed (synthetic hash injection — correct instrument for hash-based detector)
experiment_014,repetition_loop,trial_193.json,violation,True,,,custom-constructed (synthetic hash injection — correct instrument for hash-based detector)
experiment_014,repetition_loop,trial_194.json,violation,True,,,custom-constructed (synthetic hash injection — correct instrument for hash-based detector)
experiment_014,repetition_loop,trial_195.json,violation,True,,,custom-constructed (synthetic hash injection — correct instrument for hash-based detector)
experiment_014,repetition_loop,trial_196.json,violation,True,,,custom-constructed (synthetic hash injection — correct instrument for hash-based detector)
experiment_014,repetition_loop,trial_197.json,violation,True,,,custom-constructed (synthetic hash injection — correct instrument for hash-based detector)
experiment_014,repetition_loop,trial_198.json,violation,True,,,custom-constructed (synthetic hash injection — correct instrument for hash-based detector)
experiment_014,repetition_loop,trial_199.json,violation,True,,,custom-constructed (synthetic hash injection — correct instrument for hash-based detector)
experiment_014,repetition_loop,trial_200.json,violation,True,,,custom-constructed (synthetic hash injection — correct instrument for hash-based detector)
experiment_015,parameter_drift,trial_001.json,clean,True,,,custom-constructed (synthetic two-call sequences — no LLM generation)
experiment_015,parameter_drift,trial_002.json,clean,True,,,custom-constructed (synthetic two-call sequences — no LLM generation)
experiment_015,parameter_drift,trial_003.json,clean,True,,,custom-constructed (synthetic two-call sequences — no LLM generation)
experiment_015,parameter_drift,trial_004.json,clean,True,,,custom-constructed (synthetic two-call sequences — no LLM generation)
experiment_015,parameter_drift,trial_005.json,clean,True,,,custom-constructed (synthetic two-call sequences — no LLM generation)
experiment_015,parameter_drift,trial_006.json,clean,True,,,custom-constructed (synthetic two-call sequences — no LLM generation)
experiment_015,parameter_drift,trial_007.json,clean,True,,,custom-constructed (synthetic two-call sequences — no LLM generation)
experiment_015,parameter_drift,trial_008.json,clean,True,,,custom-constructed (synthetic two-call sequences — no LLM generation)
experiment_015,parameter_drift,trial_009.json,clean,True,,,custom-constructed (synthetic two-call sequences — no LLM generation)
experiment_015,parameter_drift,trial_010.json,clean,True,,,custom-constructed (synthetic two-call sequences — no LLM generation)
experiment_015,parameter_drift,trial_011.json,clean,True,,,custom-constructed (synthetic two-call sequences — no LLM generation)
experiment_015,parameter_drift,trial_012.json,clean,True,,,custom-constructed (synthetic two-call sequences — no LLM generation)
experiment_015,parameter_drift,trial_013.json,clean,True,,,custom-constructed (synthetic two-call sequences — no LLM generation)
experiment_015,parameter_drift,trial_014.json,clean,True,,,custom-constructed (synthetic two-call sequences — no LLM generation)
experiment_015,parameter_drift,trial_015.json,clean,True,,,custom-constructed (synthetic two-call sequences — no LLM generation)
experiment_015,parameter_drift,trial_016.json,clean,True,,,custom-constructed (synthetic two-call sequences — no LLM generation)
experiment_015,parameter_drift,trial_017.json,clean,True,,,custom-constructed (synthetic two-call sequences — no LLM generation)
experiment_015,parameter_drift,trial_018.json,clean,True,,,custom-constructed (synthetic two-call sequences — no LLM generation)
experiment_015,parameter_drift,trial_019.json,clean,True,,,custom-constructed (synthetic two-call sequences — no LLM generation)
experiment_015,parameter_drift,trial_020.json,clean,True,,,custom-constructed (synthetic two-call sequences — no LLM generation)
experiment_015,parameter_drift,trial_021.json,clean,True,,,custom-constructed (synthetic two-call sequences — no LLM generation)
experiment_015,parameter_drift,trial_022.json,clean,True,,,custom-constructed (synthetic two-call sequences — no LLM generation)
experiment_015,parameter_drift,trial_023.json,clean,True,,,custom-constructed (synthetic two-call sequences — no LLM generation)
experiment_015,parameter_drift,trial_024.json,clean,True,,,custom-constructed (synthetic two-call sequences — no LLM generation)
experiment_015,parameter_drift,trial_025.json,clean,True,,,custom-constructed (synthetic two-call sequences — no LLM generation)
experiment_015,parameter_drift,trial_026.json,clean,True,,,custom-constructed (synthetic two-call sequences — no LLM generation)
experiment_015,parameter_drift,trial_027.json,clean,True,,,custom-constructed (synthetic two-call sequences — no LLM generation)
experiment_015,parameter_drift,trial_028.json,clean,True,,,custom-constructed (synthetic two-call sequences — no LLM generation)
experiment_015,parameter_drift,trial_029.json,clean,True,,,custom-constructed (synthetic two-call sequences — no LLM generation)
experiment_015,parameter_drift,trial_030.json,clean,True,,,custom-constructed (synthetic two-call sequences — no LLM generation)
experiment_015,parameter_drift,trial_031.json,clean,True,,,custom-constructed (synthetic two-call sequences — no LLM generation)
experiment_015,parameter_drift,trial_032.json,clean,True,,,custom-constructed (synthetic two-call sequences — no LLM generation)
experiment_015,parameter_drift,trial_033.json,clean,True,,,custom-constructed (synthetic two-call sequences — no LLM generation)
experiment_015,parameter_drift,trial_034.json,clean,True,,,custom-constructed (synthetic two-call sequences — no LLM generation)
experiment_015,parameter_drift,trial_035.json,clean,True,,,custom-constructed (synthetic two-call sequences — no LLM generation)
experiment_015,parameter_drift,trial_036.json,clean,True,,,custom-constructed (synthetic two-call sequences — no LLM generation)
experiment_015,parameter_drift,trial_037.json,clean,True,,,custom-constructed (synthetic two-call sequences — no LLM generation)
experiment_015,parameter_drift,trial_038.json,clean,True,,,custom-constructed (synthetic two-call sequences — no LLM generation)
experiment_015,parameter_drift,trial_039.json,clean,True,,,custom-constructed (synthetic two-call sequences — no LLM generation)
experiment_015,parameter_drift,trial_040.json,clean,True,,,custom-constructed (synthetic two-call sequences — no LLM generation)
experiment_015,parameter_drift,trial_041.json,clean,True,,,custom-constructed (synthetic two-call sequences — no LLM generation)
experiment_015,parameter_drift,trial_042.json,clean,True,,,custom-constructed (synthetic two-call sequences — no LLM generation)
experiment_015,parameter_drift,trial_043.json,clean,True,,,custom-constructed (synthetic two-call sequences — no LLM generation)
experiment_015,parameter_drift,trial_044.json,clean,True,,,custom-constructed (synthetic two-call sequences — no LLM generation)
experiment_015,parameter_drift,trial_045.json,clean,True,,,custom-constructed (synthetic two-call sequences — no LLM generation)
experiment_015,parameter_drift,trial_046.json,clean,True,,,custom-constructed (synthetic two-call sequences — no LLM generation)
experiment_015,parameter_drift,trial_047.json,clean,True,,,custom-constructed (synthetic two-call sequences — no LLM generation)
experiment_015,parameter_drift,trial_048.json,clean,True,,,custom-constructed (synthetic two-call sequences — no LLM generation)
experiment_015,parameter_drift,trial_049.json,clean,True,,,custom-constructed (synthetic two-call sequences — no LLM generation)
experiment_015,parameter_drift,trial_050.json,clean,True,,,custom-constructed (synthetic two-call sequences — no LLM generation)
experiment_015,parameter_drift,trial_051.json,clean,True,,,custom-constructed (synthetic two-call sequences — no LLM generation)
experiment_015,parameter_drift,trial_052.json,clean,True,,,custom-constructed (synthetic two-call sequences — no LLM generation)
experiment_015,parameter_drift,trial_053.json,clean,True,,,custom-constructed (synthetic two-call sequences — no LLM generation)
experiment_015,parameter_drift,trial_054.json,clean,True,,,custom-constructed (synthetic two-call sequences — no LLM generation)
experiment_015,parameter_drift,trial_055.json,clean,True,,,custom-constructed (synthetic two-call sequences — no LLM generation)
experiment_015,parameter_drift,trial_056.json,clean,True,,,custom-constructed (synthetic two-call sequences — no LLM generation)
experiment_015,parameter_drift,trial_057.json,clean,True,,,custom-constructed (synthetic two-call sequences — no LLM generation)
experiment_015,parameter_drift,trial_058.json,clean,True,,,custom-constructed (synthetic two-call sequences — no LLM generation)
experiment_015,parameter_drift,trial_059.json,clean,True,,,custom-constructed (synthetic two-call sequences — no LLM generation)
experiment_015,parameter_drift,trial_060.json,clean,True,,,custom-constructed (synthetic two-call sequences — no LLM generation)
experiment_015,parameter_drift,trial_061.json,clean,True,,,custom-constructed (synthetic two-call sequences — no LLM generation)
experiment_015,parameter_drift,trial_062.json,clean,True,,,custom-constructed (synthetic two-call sequences — no LLM generation)
experiment_015,parameter_drift,trial_063.json,clean,True,,,custom-constructed (synthetic two-call sequences — no LLM generation)
experiment_015,parameter_drift,trial_064.json,clean,True,,,custom-constructed (synthetic two-call sequences — no LLM generation)
experiment_015,parameter_drift,trial_065.json,clean,True,,,custom-constructed (synthetic two-call sequences — no LLM generation)
experiment_015,parameter_drift,trial_066.json,clean,True,,,custom-constructed (synthetic two-call sequences — no LLM generation)
experiment_015,parameter_drift,trial_067.json,clean,True,,,custom-constructed (synthetic two-call sequences — no LLM generation)
experiment_015,parameter_drift,trial_068.json,clean,True,,,custom-constructed (synthetic two-call sequences — no LLM generation)
experiment_015,parameter_drift,trial_069.json,clean,True,,,custom-constructed (synthetic two-call sequences — no LLM generation)
experiment_015,parameter_drift,trial_070.json,clean,True,,,custom-constructed (synthetic two-call sequences — no LLM generation)
experiment_015,parameter_drift,trial_071.json,clean,True,,,custom-constructed (synthetic two-call sequences — no LLM generation)
experiment_015,parameter_drift,trial_072.json,clean,True,,,custom-constructed (synthetic two-call sequences — no LLM generation)
experiment_015,parameter_drift,trial_073.json,clean,True,,,custom-constructed (synthetic two-call sequences — no LLM generation)
experiment_015,parameter_drift,trial_074.json,clean,True,,,custom-constructed (synthetic two-call sequences — no LLM generation)
experiment_015,parameter_drift,trial_075.json,clean,True,,,custom-constructed (synthetic two-call sequences — no LLM generation)
experiment_015,parameter_drift,trial_076.json,clean,True,,,custom-constructed (synthetic two-call sequences — no LLM generation)
experiment_015,parameter_drift,trial_077.json,clean,True,,,custom-constructed (synthetic two-call sequences — no LLM generation)
experiment_015,parameter_drift,trial_078.json,clean,True,,,custom-constructed (synthetic two-call sequences — no LLM generation)
experiment_015,parameter_drift,trial_079.json,clean,True,,,custom-constructed (synthetic two-call sequences — no LLM generation)
experiment_015,parameter_drift,trial_080.json,clean,True,,,custom-constructed (synthetic two-call sequences — no LLM generation)
experiment_015,parameter_drift,trial_081.json,clean,True,,,custom-constructed (synthetic two-call sequences — no LLM generation)
experiment_015,parameter_drift,trial_082.json,clean,True,,,custom-constructed (synthetic two-call sequences — no LLM generation)
experiment_015,parameter_drift,trial_083.json,clean,True,,,custom-constructed (synthetic two-call sequences — no LLM generation)
experiment_015,parameter_drift,trial_084.json,clean,True,,,custom-constructed (synthetic two-call sequences — no LLM generation)
experiment_015,parameter_drift,trial_085.json,clean,True,,,custom-constructed (synthetic two-call sequences — no LLM generation)
experiment_015,parameter_drift,trial_086.json,clean,True,,,custom-constructed (synthetic two-call sequences — no LLM generation)
experiment_015,parameter_drift,trial_087.json,clean,True,,,custom-constructed (synthetic two-call sequences — no LLM generation)
experiment_015,parameter_drift,trial_088.json,clean,True,,,custom-constructed (synthetic two-call sequences — no LLM generation)
experiment_015,parameter_drift,trial_089.json,clean,True,,,custom-constructed (synthetic two-call sequences — no LLM generation)
experiment_015,parameter_drift,trial_090.json,clean,True,,,custom-constructed (synthetic two-call sequences — no LLM generation)
experiment_015,parameter_drift,trial_091.json,clean,True,,,custom-constructed (synthetic two-call sequences — no LLM generation)
experiment_015,parameter_drift,trial_092.json,clean,True,,,custom-constructed (synthetic two-call sequences — no LLM generation)
experiment_015,parameter_drift,trial_093.json,clean,True,,,custom-constructed (synthetic two-call sequences — no LLM generation)
experiment_015,parameter_drift,trial_094.json,clean,True,,,custom-constructed (synthetic two-call sequences — no LLM generation)
experiment_015,parameter_drift,trial_095.json,clean,True,,,custom-constructed (synthetic two-call sequences — no LLM generation)
experiment_015,parameter_drift,trial_096.json,clean,True,,,custom-constructed (synthetic two-call sequences — no LLM generation)
experiment_015,parameter_drift,trial_097.json,clean,True,,,custom-constructed (synthetic two-call sequences — no LLM generation)
experiment_015,parameter_drift,trial_098.json,clean,True,,,custom-constructed (synthetic two-call sequences — no LLM generation)
experiment_015,parameter_drift,trial_099.json,clean,True,,,custom-constructed (synthetic two-call sequences — no LLM generation)
experiment_015,parameter_drift,trial_100.json,clean,True,,,custom-constructed (synthetic two-call sequences — no LLM generation)
experiment_015,parameter_drift,trial_101.json,violation,True,,,custom-constructed (synthetic two-call sequences — no LLM generation)
experiment_015,parameter_drift,trial_102.json,violation,True,,,custom-constructed (synthetic two-call sequences — no LLM generation)
experiment_015,parameter_drift,trial_103.json,violation,True,,,custom-constructed (synthetic two-call sequences — no LLM generation)
experiment_015,parameter_drift,trial_104.json,violation,True,,,custom-constructed (synthetic two-call sequences — no LLM generation)
experiment_015,parameter_drift,trial_105.json,violation,True,,,custom-constructed (synthetic two-call sequences — no LLM generation)
experiment_015,parameter_drift,trial_106.json,violation,True,,,custom-constructed (synthetic two-call sequences — no LLM generation)
experiment_015,parameter_drift,trial_107.json,violation,True,,,custom-constructed (synthetic two-call sequences — no LLM generation)
experiment_015,parameter_drift,trial_108.json,violation,True,,,custom-constructed (synthetic two-call sequences — no LLM generation)
experiment_015,parameter_drift,trial_109.json,violation,True,,,custom-constructed (synthetic two-call sequences — no LLM generation)
experiment_015,parameter_drift,trial_110.json,violation,True,,,custom-constructed (synthetic two-call sequences — no LLM generation)
experiment_015,parameter_drift,trial_111.json,violation,True,,,custom-constructed (synthetic two-call sequences — no LLM generation)
experiment_015,parameter_drift,trial_112.json,violation,True,,,custom-constructed (synthetic two-call sequences — no LLM generation)
experiment_015,parameter_drift,trial_113.json,violation,True,,,custom-constructed (synthetic two-call sequences — no LLM generation)
experiment_015,parameter_drift,trial_114.json,violation,True,,,custom-constructed (synthetic two-call sequences — no LLM generation)
experiment_015,parameter_drift,trial_115.json,violation,True,,,custom-constructed (synthetic two-call sequences — no LLM generation)
experiment_015,parameter_drift,trial_116.json,violation,True,,,custom-constructed (synthetic two-call sequences — no LLM generation)
experiment_015,parameter_drift,trial_117.json,violation,True,,,custom-constructed (synthetic two-call sequences — no LLM generation)
experiment_015,parameter_drift,trial_118.json,violation,True,,,custom-constructed (synthetic two-call sequences — no LLM generation)
experiment_015,parameter_drift,trial_119.json,violation,True,,,custom-constructed (synthetic two-call sequences — no LLM generation)
experiment_015,parameter_drift,trial_120.json,violation,True,,,custom-constructed (synthetic two-call sequences — no LLM generation)
experiment_015,parameter_drift,trial_121.json,violation,True,,,custom-constructed (synthetic two-call sequences — no LLM generation)
experiment_015,parameter_drift,trial_122.json,violation,True,,,custom-constructed (synthetic two-call sequences — no LLM generation)
experiment_015,parameter_drift,trial_123.json,violation,True,,,custom-constructed (synthetic two-call sequences — no LLM generation)
experiment_015,parameter_drift,trial_124.json,violation,True,,,custom-constructed (synthetic two-call sequences — no LLM generation)
experiment_015,parameter_drift,trial_125.json,violation,True,,,custom-constructed (synthetic two-call sequences — no LLM generation)
experiment_015,parameter_drift,trial_126.json,violation,True,,,custom-constructed (synthetic two-call sequences — no LLM generation)
experiment_015,parameter_drift,trial_127.json,violation,True,,,custom-constructed (synthetic two-call sequences — no LLM generation)
experiment_015,parameter_drift,trial_128.json,violation,True,,,custom-constructed (synthetic two-call sequences — no LLM generation)
experiment_015,parameter_drift,trial_129.json,violation,True,,,custom-constructed (synthetic two-call sequences — no LLM generation)
experiment_015,parameter_drift,trial_130.json,violation,True,,,custom-constructed (synthetic two-call sequences — no LLM generation)
experiment_015,parameter_drift,trial_131.json,violation,True,,,custom-constructed (synthetic two-call sequences — no LLM generation)
experiment_015,parameter_drift,trial_132.json,violation,True,,,custom-constructed (synthetic two-call sequences — no LLM generation)
experiment_015,parameter_drift,trial_133.json,violation,True,,,custom-constructed (synthetic two-call sequences — no LLM generation)
experiment_015,parameter_drift,trial_134.json,violation,True,,,custom-constructed (synthetic two-call sequences — no LLM generation)
experiment_015,parameter_drift,trial_135.json,violation,True,,,custom-constructed (synthetic two-call sequences — no LLM generation)
experiment_015,parameter_drift,trial_136.json,violation,True,,,custom-constructed (synthetic two-call sequences — no LLM generation)
experiment_015,parameter_drift,trial_137.json,violation,True,,,custom-constructed (synthetic two-call sequences — no LLM generation)
experiment_015,parameter_drift,trial_138.json,violation,True,,,custom-constructed (synthetic two-call sequences — no LLM generation)
experiment_015,parameter_drift,trial_139.json,violation,True,,,custom-constructed (synthetic two-call sequences — no LLM generation)
experiment_015,parameter_drift,trial_140.json,violation,True,,,custom-constructed (synthetic two-call sequences — no LLM generation)
experiment_015,parameter_drift,trial_141.json,violation,True,,,custom-constructed (synthetic two-call sequences — no LLM generation)
experiment_015,parameter_drift,trial_142.json,violation,True,,,custom-constructed (synthetic two-call sequences — no LLM generation)
experiment_015,parameter_drift,trial_143.json,violation,True,,,custom-constructed (synthetic two-call sequences — no LLM generation)
experiment_015,parameter_drift,trial_144.json,violation,True,,,custom-constructed (synthetic two-call sequences — no LLM generation)
experiment_015,parameter_drift,trial_145.json,violation,True,,,custom-constructed (synthetic two-call sequences — no LLM generation)
experiment_015,parameter_drift,trial_146.json,violation,True,,,custom-constructed (synthetic two-call sequences — no LLM generation)
experiment_015,parameter_drift,trial_147.json,violation,True,,,custom-constructed (synthetic two-call sequences — no LLM generation)
experiment_015,parameter_drift,trial_148.json,violation,True,,,custom-constructed (synthetic two-call sequences — no LLM generation)
experiment_015,parameter_drift,trial_149.json,violation,True,,,custom-constructed (synthetic two-call sequences — no LLM generation)
experiment_015,parameter_drift,trial_150.json,violation,True,,,custom-constructed (synthetic two-call sequences — no LLM generation)
experiment_015,parameter_drift,trial_151.json,violation,True,,,custom-constructed (synthetic two-call sequences — no LLM generation)
experiment_015,parameter_drift,trial_152.json,violation,True,,,custom-constructed (synthetic two-call sequences — no LLM generation)
experiment_015,parameter_drift,trial_153.json,violation,True,,,custom-constructed (synthetic two-call sequences — no LLM generation)
experiment_015,parameter_drift,trial_154.json,violation,True,,,custom-constructed (synthetic two-call sequences — no LLM generation)
experiment_015,parameter_drift,trial_155.json,violation,True,,,custom-constructed (synthetic two-call sequences — no LLM generation)
experiment_015,parameter_drift,trial_156.json,violation,True,,,custom-constructed (synthetic two-call sequences — no LLM generation)
experiment_015,parameter_drift,trial_157.json,violation,True,,,custom-constructed (synthetic two-call sequences — no LLM generation)
experiment_015,parameter_drift,trial_158.json,violation,True,,,custom-constructed (synthetic two-call sequences — no LLM generation)
experiment_015,parameter_drift,trial_159.json,violation,True,,,custom-constructed (synthetic two-call sequences — no LLM generation)
experiment_015,parameter_drift,trial_160.json,violation,True,,,custom-constructed (synthetic two-call sequences — no LLM generation)
experiment_015,parameter_drift,trial_161.json,violation,True,,,custom-constructed (synthetic two-call sequences — no LLM generation)
experiment_015,parameter_drift,trial_162.json,violation,True,,,custom-constructed (synthetic two-call sequences — no LLM generation)
experiment_015,parameter_drift,trial_163.json,violation,True,,,custom-constructed (synthetic two-call sequences — no LLM generation)
experiment_015,parameter_drift,trial_164.json,violation,True,,,custom-constructed (synthetic two-call sequences — no LLM generation)
experiment_015,parameter_drift,trial_165.json,violation,True,,,custom-constructed (synthetic two-call sequences — no LLM generation)
experiment_015,parameter_drift,trial_166.json,violation,True,,,custom-constructed (synthetic two-call sequences — no LLM generation)
experiment_015,parameter_drift,trial_167.json,violation,True,,,custom-constructed (synthetic two-call sequences — no LLM generation)
experiment_015,parameter_drift,trial_168.json,violation,True,,,custom-constructed (synthetic two-call sequences — no LLM generation)
experiment_015,parameter_drift,trial_169.json,violation,True,,,custom-constructed (synthetic two-call sequences — no LLM generation)
experiment_015,parameter_drift,trial_170.json,violation,True,,,custom-constructed (synthetic two-call sequences — no LLM generation)
experiment_015,parameter_drift,trial_171.json,violation,True,,,custom-constructed (synthetic two-call sequences — no LLM generation)
experiment_015,parameter_drift,trial_172.json,violation,True,,,custom-constructed (synthetic two-call sequences — no LLM generation)
experiment_015,parameter_drift,trial_173.json,violation,True,,,custom-constructed (synthetic two-call sequences — no LLM generation)
experiment_015,parameter_drift,trial_174.json,violation,True,,,custom-constructed (synthetic two-call sequences — no LLM generation)
experiment_015,parameter_drift,trial_175.json,violation,True,,,custom-constructed (synthetic two-call sequences — no LLM generation)
experiment_015,parameter_drift,trial_176.json,violation,True,,,custom-constructed (synthetic two-call sequences — no LLM generation)
experiment_015,parameter_drift,trial_177.json,violation,True,,,custom-constructed (synthetic two-call sequences — no LLM generation)
experiment_015,parameter_drift,trial_178.json,violation,True,,,custom-constructed (synthetic two-call sequences — no LLM generation)
experiment_015,parameter_drift,trial_179.json,violation,True,,,custom-constructed (synthetic two-call sequences — no LLM generation)
experiment_015,parameter_drift,trial_180.json,violation,True,,,custom-constructed (synthetic two-call sequences — no LLM generation)
experiment_015,parameter_drift,trial_181.json,violation,True,,,custom-constructed (synthetic two-call sequences — no LLM generation)
experiment_015,parameter_drift,trial_182.json,violation,True,,,custom-constructed (synthetic two-call sequences — no LLM generation)
experiment_015,parameter_drift,trial_183.json,violation,True,,,custom-constructed (synthetic two-call sequences — no LLM generation)
experiment_015,parameter_drift,trial_184.json,violation,True,,,custom-constructed (synthetic two-call sequences — no LLM generation)
experiment_015,parameter_drift,trial_185.json,violation,True,,,custom-constructed (synthetic two-call sequences — no LLM generation)
experiment_015,parameter_drift,trial_186.json,violation,True,,,custom-constructed (synthetic two-call sequences — no LLM generation)
experiment_015,parameter_drift,trial_187.json,violation,True,,,custom-constructed (synthetic two-call sequences — no LLM generation)
experiment_015,parameter_drift,trial_188.json,violation,True,,,custom-constructed (synthetic two-call sequences — no LLM generation)
experiment_015,parameter_drift,trial_189.json,violation,True,,,custom-constructed (synthetic two-call sequences — no LLM generation)
experiment_015,parameter_drift,trial_190.json,violation,True,,,custom-constructed (synthetic two-call sequences — no LLM generation)
experiment_015,parameter_drift,trial_191.json,violation,True,,,custom-constructed (synthetic two-call sequences — no LLM generation)
experiment_015,parameter_drift,trial_192.json,violation,True,,,custom-constructed (synthetic two-call sequences — no LLM generation)
experiment_015,parameter_drift,trial_193.json,violation,True,,,custom-constructed (synthetic two-call sequences — no LLM generation)
experiment_015,parameter_drift,trial_194.json,violation,True,,,custom-constructed (synthetic two-call sequences — no LLM generation)
experiment_015,parameter_drift,trial_195.json,violation,True,,,custom-constructed (synthetic two-call sequences — no LLM generation)
experiment_015,parameter_drift,trial_196.json,violation,True,,,custom-constructed (synthetic two-call sequences — no LLM generation)
experiment_015,parameter_drift,trial_197.json,violation,True,,,custom-constructed (synthetic two-call sequences — no LLM generation)
experiment_015,parameter_drift,trial_198.json,violation,True,,,custom-constructed (synthetic two-call sequences — no LLM generation)
experiment_015,parameter_drift,trial_199.json,violation,True,,,custom-constructed (synthetic two-call sequences — no LLM generation)
experiment_015,parameter_drift,trial_200.json,violation,True,,,custom-constructed (synthetic two-call sequences — no LLM generation)
experiment_016,timeout,trial_001.json,clean,True,,A_caller_supplied,custom-constructed (synthetic latency values — no LLM generation)
experiment_016,timeout,trial_002.json,clean,True,,A_caller_supplied,custom-constructed (synthetic latency values — no LLM generation)
experiment_016,timeout,trial_003.json,clean,True,,A_caller_supplied,custom-constructed (synthetic latency values — no LLM generation)
experiment_016,timeout,trial_004.json,clean,True,,A_caller_supplied,custom-constructed (synthetic latency values — no LLM generation)
experiment_016,timeout,trial_005.json,clean,True,,A_caller_supplied,custom-constructed (synthetic latency values — no LLM generation)
experiment_016,timeout,trial_006.json,clean,True,,A_caller_supplied,custom-constructed (synthetic latency values — no LLM generation)
experiment_016,timeout,trial_007.json,clean,True,,A_caller_supplied,custom-constructed (synthetic latency values — no LLM generation)
experiment_016,timeout,trial_008.json,clean,True,,A_caller_supplied,custom-constructed (synthetic latency values — no LLM generation)
experiment_016,timeout,trial_009.json,clean,True,,A_caller_supplied,custom-constructed (synthetic latency values — no LLM generation)
experiment_016,timeout,trial_010.json,clean,True,,A_caller_supplied,custom-constructed (synthetic latency values — no LLM generation)
experiment_016,timeout,trial_011.json,clean,True,,A_caller_supplied,custom-constructed (synthetic latency values — no LLM generation)
experiment_016,timeout,trial_012.json,clean,True,,A_caller_supplied,custom-constructed (synthetic latency values — no LLM generation)
experiment_016,timeout,trial_013.json,clean,True,,A_caller_supplied,custom-constructed (synthetic latency values — no LLM generation)
experiment_016,timeout,trial_014.json,clean,True,,A_caller_supplied,custom-constructed (synthetic latency values — no LLM generation)
experiment_016,timeout,trial_015.json,clean,True,,A_caller_supplied,custom-constructed (synthetic latency values — no LLM generation)
experiment_016,timeout,trial_016.json,clean,True,,A_caller_supplied,custom-constructed (synthetic latency values — no LLM generation)
experiment_016,timeout,trial_017.json,clean,True,,A_caller_supplied,custom-constructed (synthetic latency values — no LLM generation)
experiment_016,timeout,trial_018.json,clean,True,,A_caller_supplied,custom-constructed (synthetic latency values — no LLM generation)
experiment_016,timeout,trial_019.json,clean,True,,A_caller_supplied,custom-constructed (synthetic latency values — no LLM generation)
experiment_016,timeout,trial_020.json,clean,True,,A_caller_supplied,custom-constructed (synthetic latency values — no LLM generation)
experiment_016,timeout,trial_021.json,clean,True,,A_caller_supplied,custom-constructed (synthetic latency values — no LLM generation)
experiment_016,timeout,trial_022.json,clean,True,,A_caller_supplied,custom-constructed (synthetic latency values — no LLM generation)
experiment_016,timeout,trial_023.json,clean,True,,A_caller_supplied,custom-constructed (synthetic latency values — no LLM generation)
experiment_016,timeout,trial_024.json,clean,True,,A_caller_supplied,custom-constructed (synthetic latency values — no LLM generation)
experiment_016,timeout,trial_025.json,clean,True,,A_caller_supplied,custom-constructed (synthetic latency values — no LLM generation)
experiment_016,timeout,trial_026.json,clean,True,,A_caller_supplied,custom-constructed (synthetic latency values — no LLM generation)
experiment_016,timeout,trial_027.json,clean,True,,A_caller_supplied,custom-constructed (synthetic latency values — no LLM generation)
experiment_016,timeout,trial_028.json,clean,True,,A_caller_supplied,custom-constructed (synthetic latency values — no LLM generation)
experiment_016,timeout,trial_029.json,clean,True,,A_caller_supplied,custom-constructed (synthetic latency values — no LLM generation)
experiment_016,timeout,trial_030.json,clean,True,,A_caller_supplied,custom-constructed (synthetic latency values — no LLM generation)
experiment_016,timeout,trial_031.json,clean,True,,A_caller_supplied,custom-constructed (synthetic latency values — no LLM generation)
experiment_016,timeout,trial_032.json,clean,True,,A_caller_supplied,custom-constructed (synthetic latency values — no LLM generation)
experiment_016,timeout,trial_033.json,clean,True,,A_caller_supplied,custom-constructed (synthetic latency values — no LLM generation)
experiment_016,timeout,trial_034.json,clean,True,,A_caller_supplied,custom-constructed (synthetic latency values — no LLM generation)
experiment_016,timeout,trial_035.json,clean,True,,B_adaptive,custom-constructed (synthetic latency values — no LLM generation)
experiment_016,timeout,trial_036.json,clean,True,,B_adaptive,custom-constructed (synthetic latency values — no LLM generation)
experiment_016,timeout,trial_037.json,clean,True,,B_adaptive,custom-constructed (synthetic latency values — no LLM generation)
experiment_016,timeout,trial_038.json,clean,True,,B_adaptive,custom-constructed (synthetic latency values — no LLM generation)
experiment_016,timeout,trial_039.json,clean,True,,B_adaptive,custom-constructed (synthetic latency values — no LLM generation)
experiment_016,timeout,trial_040.json,clean,True,,B_adaptive,custom-constructed (synthetic latency values — no LLM generation)
experiment_016,timeout,trial_041.json,clean,True,,B_adaptive,custom-constructed (synthetic latency values — no LLM generation)
experiment_016,timeout,trial_042.json,clean,True,,B_adaptive,custom-constructed (synthetic latency values — no LLM generation)
experiment_016,timeout,trial_043.json,clean,True,,B_adaptive,custom-constructed (synthetic latency values — no LLM generation)
experiment_016,timeout,trial_044.json,clean,True,,B_adaptive,custom-constructed (synthetic latency values — no LLM generation)
experiment_016,timeout,trial_045.json,clean,True,,B_adaptive,custom-constructed (synthetic latency values — no LLM generation)
experiment_016,timeout,trial_046.json,clean,True,,B_adaptive,custom-constructed (synthetic latency values — no LLM generation)
experiment_016,timeout,trial_047.json,clean,True,,B_adaptive,custom-constructed (synthetic latency values — no LLM generation)
experiment_016,timeout,trial_048.json,clean,True,,B_adaptive,custom-constructed (synthetic latency values — no LLM generation)
experiment_016,timeout,trial_049.json,clean,True,,B_adaptive,custom-constructed (synthetic latency values — no LLM generation)
experiment_016,timeout,trial_050.json,clean,True,,B_adaptive,custom-constructed (synthetic latency values — no LLM generation)
experiment_016,timeout,trial_051.json,clean,True,,B_adaptive,custom-constructed (synthetic latency values — no LLM generation)
experiment_016,timeout,trial_052.json,clean,True,,B_adaptive,custom-constructed (synthetic latency values — no LLM generation)
experiment_016,timeout,trial_053.json,clean,True,,B_adaptive,custom-constructed (synthetic latency values — no LLM generation)
experiment_016,timeout,trial_054.json,clean,True,,B_adaptive,custom-constructed (synthetic latency values — no LLM generation)
experiment_016,timeout,trial_055.json,clean,True,,B_adaptive,custom-constructed (synthetic latency values — no LLM generation)
experiment_016,timeout,trial_056.json,clean,True,,B_adaptive,custom-constructed (synthetic latency values — no LLM generation)
experiment_016,timeout,trial_057.json,clean,True,,B_adaptive,custom-constructed (synthetic latency values — no LLM generation)
experiment_016,timeout,trial_058.json,clean,True,,B_adaptive,custom-constructed (synthetic latency values — no LLM generation)
experiment_016,timeout,trial_059.json,clean,True,,B_adaptive,custom-constructed (synthetic latency values — no LLM generation)
experiment_016,timeout,trial_060.json,clean,True,,B_adaptive,custom-constructed (synthetic latency values — no LLM generation)
experiment_016,timeout,trial_061.json,clean,True,,B_adaptive,custom-constructed (synthetic latency values — no LLM generation)
experiment_016,timeout,trial_062.json,clean,True,,B_adaptive,custom-constructed (synthetic latency values — no LLM generation)
experiment_016,timeout,trial_063.json,clean,True,,B_adaptive,custom-constructed (synthetic latency values — no LLM generation)
experiment_016,timeout,trial_064.json,clean,True,,B_adaptive,custom-constructed (synthetic latency values — no LLM generation)
experiment_016,timeout,trial_065.json,clean,True,,B_adaptive,custom-constructed (synthetic latency values — no LLM generation)
experiment_016,timeout,trial_066.json,clean,True,,B_adaptive,custom-constructed (synthetic latency values — no LLM generation)
experiment_016,timeout,trial_067.json,clean,True,,B_adaptive,custom-constructed (synthetic latency values — no LLM generation)
experiment_016,timeout,trial_068.json,clean,True,,C_default_10000ms,custom-constructed (synthetic latency values — no LLM generation)
experiment_016,timeout,trial_069.json,clean,True,,C_default_10000ms,custom-constructed (synthetic latency values — no LLM generation)
experiment_016,timeout,trial_070.json,clean,True,,C_default_10000ms,custom-constructed (synthetic latency values — no LLM generation)
experiment_016,timeout,trial_071.json,clean,True,,C_default_10000ms,custom-constructed (synthetic latency values — no LLM generation)
experiment_016,timeout,trial_072.json,clean,True,,C_default_10000ms,custom-constructed (synthetic latency values — no LLM generation)
experiment_016,timeout,trial_073.json,clean,True,,C_default_10000ms,custom-constructed (synthetic latency values — no LLM generation)
experiment_016,timeout,trial_074.json,clean,True,,C_default_10000ms,custom-constructed (synthetic latency values — no LLM generation)
experiment_016,timeout,trial_075.json,clean,True,,C_default_10000ms,custom-constructed (synthetic latency values — no LLM generation)
experiment_016,timeout,trial_076.json,clean,True,,C_default_10000ms,custom-constructed (synthetic latency values — no LLM generation)
experiment_016,timeout,trial_077.json,clean,True,,C_default_10000ms,custom-constructed (synthetic latency values — no LLM generation)
experiment_016,timeout,trial_078.json,clean,True,,C_default_10000ms,custom-constructed (synthetic latency values — no LLM generation)
experiment_016,timeout,trial_079.json,clean,True,,C_default_10000ms,custom-constructed (synthetic latency values — no LLM generation)
experiment_016,timeout,trial_080.json,clean,True,,C_default_10000ms,custom-constructed (synthetic latency values — no LLM generation)
experiment_016,timeout,trial_081.json,clean,True,,C_default_10000ms,custom-constructed (synthetic latency values — no LLM generation)
experiment_016,timeout,trial_082.json,clean,True,,C_default_10000ms,custom-constructed (synthetic latency values — no LLM generation)
experiment_016,timeout,trial_083.json,clean,True,,C_default_10000ms,custom-constructed (synthetic latency values — no LLM generation)
experiment_016,timeout,trial_084.json,clean,True,,C_default_10000ms,custom-constructed (synthetic latency values — no LLM generation)
experiment_016,timeout,trial_085.json,clean,True,,C_default_10000ms,custom-constructed (synthetic latency values — no LLM generation)
experiment_016,timeout,trial_086.json,clean,True,,C_default_10000ms,custom-constructed (synthetic latency values — no LLM generation)
experiment_016,timeout,trial_087.json,clean,True,,C_default_10000ms,custom-constructed (synthetic latency values — no LLM generation)
experiment_016,timeout,trial_088.json,clean,True,,C_default_10000ms,custom-constructed (synthetic latency values — no LLM generation)
experiment_016,timeout,trial_089.json,clean,True,,C_default_10000ms,custom-constructed (synthetic latency values — no LLM generation)
experiment_016,timeout,trial_090.json,clean,True,,C_default_10000ms,custom-constructed (synthetic latency values — no LLM generation)
experiment_016,timeout,trial_091.json,clean,True,,C_default_10000ms,custom-constructed (synthetic latency values — no LLM generation)
experiment_016,timeout,trial_092.json,clean,True,,C_default_10000ms,custom-constructed (synthetic latency values — no LLM generation)
experiment_016,timeout,trial_093.json,clean,True,,C_default_10000ms,custom-constructed (synthetic latency values — no LLM generation)
experiment_016,timeout,trial_094.json,clean,True,,C_default_10000ms,custom-constructed (synthetic latency values — no LLM generation)
experiment_016,timeout,trial_095.json,clean,True,,C_default_10000ms,custom-constructed (synthetic latency values — no LLM generation)
experiment_016,timeout,trial_096.json,clean,True,,C_default_10000ms,custom-constructed (synthetic latency values — no LLM generation)
experiment_016,timeout,trial_097.json,clean,True,,C_default_10000ms,custom-constructed (synthetic latency values — no LLM generation)
experiment_016,timeout,trial_098.json,clean,True,,C_default_10000ms,custom-constructed (synthetic latency values — no LLM generation)
experiment_016,timeout,trial_099.json,clean,True,,C_default_10000ms,custom-constructed (synthetic latency values — no LLM generation)
experiment_016,timeout,trial_100.json,clean,True,,C_default_10000ms,custom-constructed (synthetic latency values — no LLM generation)
experiment_016,timeout,trial_101.json,violation,True,,A_caller_supplied,custom-constructed (synthetic latency values — no LLM generation)
experiment_016,timeout,trial_102.json,violation,True,,A_caller_supplied,custom-constructed (synthetic latency values — no LLM generation)
experiment_016,timeout,trial_103.json,violation,True,,A_caller_supplied,custom-constructed (synthetic latency values — no LLM generation)
experiment_016,timeout,trial_104.json,violation,True,,A_caller_supplied,custom-constructed (synthetic latency values — no LLM generation)
experiment_016,timeout,trial_105.json,violation,True,,A_caller_supplied,custom-constructed (synthetic latency values — no LLM generation)
experiment_016,timeout,trial_106.json,violation,True,,A_caller_supplied,custom-constructed (synthetic latency values — no LLM generation)
experiment_016,timeout,trial_107.json,violation,True,,A_caller_supplied,custom-constructed (synthetic latency values — no LLM generation)
experiment_016,timeout,trial_108.json,violation,True,,A_caller_supplied,custom-constructed (synthetic latency values — no LLM generation)
experiment_016,timeout,trial_109.json,violation,True,,A_caller_supplied,custom-constructed (synthetic latency values — no LLM generation)
experiment_016,timeout,trial_110.json,violation,True,,A_caller_supplied,custom-constructed (synthetic latency values — no LLM generation)
experiment_016,timeout,trial_111.json,violation,True,,A_caller_supplied,custom-constructed (synthetic latency values — no LLM generation)
experiment_016,timeout,trial_112.json,violation,True,,A_caller_supplied,custom-constructed (synthetic latency values — no LLM generation)
experiment_016,timeout,trial_113.json,violation,True,,A_caller_supplied,custom-constructed (synthetic latency values — no LLM generation)
experiment_016,timeout,trial_114.json,violation,True,,A_caller_supplied,custom-constructed (synthetic latency values — no LLM generation)
experiment_016,timeout,trial_115.json,violation,True,,A_caller_supplied,custom-constructed (synthetic latency values — no LLM generation)
experiment_016,timeout,trial_116.json,violation,True,,A_caller_supplied,custom-constructed (synthetic latency values — no LLM generation)
experiment_016,timeout,trial_117.json,violation,True,,A_caller_supplied,custom-constructed (synthetic latency values — no LLM generation)
experiment_016,timeout,trial_118.json,violation,True,,A_caller_supplied,custom-constructed (synthetic latency values — no LLM generation)
experiment_016,timeout,trial_119.json,violation,True,,A_caller_supplied,custom-constructed (synthetic latency values — no LLM generation)
experiment_016,timeout,trial_120.json,violation,True,,A_caller_supplied,custom-constructed (synthetic latency values — no LLM generation)
experiment_016,timeout,trial_121.json,violation,True,,A_caller_supplied,custom-constructed (synthetic latency values — no LLM generation)
experiment_016,timeout,trial_122.json,violation,True,,A_caller_supplied,custom-constructed (synthetic latency values — no LLM generation)
experiment_016,timeout,trial_123.json,violation,True,,A_caller_supplied,custom-constructed (synthetic latency values — no LLM generation)
experiment_016,timeout,trial_124.json,violation,True,,A_caller_supplied,custom-constructed (synthetic latency values — no LLM generation)
experiment_016,timeout,trial_125.json,violation,True,,A_caller_supplied,custom-constructed (synthetic latency values — no LLM generation)
experiment_016,timeout,trial_126.json,violation,True,,A_caller_supplied,custom-constructed (synthetic latency values — no LLM generation)
experiment_016,timeout,trial_127.json,violation,True,,A_caller_supplied,custom-constructed (synthetic latency values — no LLM generation)
experiment_016,timeout,trial_128.json,violation,True,,A_caller_supplied,custom-constructed (synthetic latency values — no LLM generation)
experiment_016,timeout,trial_129.json,violation,True,,A_caller_supplied,custom-constructed (synthetic latency values — no LLM generation)
experiment_016,timeout,trial_130.json,violation,True,,A_caller_supplied,custom-constructed (synthetic latency values — no LLM generation)
experiment_016,timeout,trial_131.json,violation,True,,A_caller_supplied,custom-constructed (synthetic latency values — no LLM generation)
experiment_016,timeout,trial_132.json,violation,True,,A_caller_supplied,custom-constructed (synthetic latency values — no LLM generation)
experiment_016,timeout,trial_133.json,violation,True,,A_caller_supplied,custom-constructed (synthetic latency values — no LLM generation)
experiment_016,timeout,trial_134.json,violation,True,,A_caller_supplied,custom-constructed (synthetic latency values — no LLM generation)
experiment_016,timeout,trial_135.json,violation,True,,B_adaptive,custom-constructed (synthetic latency values — no LLM generation)
experiment_016,timeout,trial_136.json,violation,True,,B_adaptive,custom-constructed (synthetic latency values — no LLM generation)
experiment_016,timeout,trial_137.json,violation,True,,B_adaptive,custom-constructed (synthetic latency values — no LLM generation)
experiment_016,timeout,trial_138.json,violation,False,,B_adaptive,custom-constructed (synthetic latency values — no LLM generation)
experiment_016,timeout,trial_139.json,violation,False,,B_adaptive,custom-constructed (synthetic latency values — no LLM generation)
experiment_016,timeout,trial_140.json,violation,False,,B_adaptive,custom-constructed (synthetic latency values — no LLM generation)
experiment_016,timeout,trial_141.json,violation,True,,B_adaptive,custom-constructed (synthetic latency values — no LLM generation)
experiment_016,timeout,trial_142.json,violation,True,,B_adaptive,custom-constructed (synthetic latency values — no LLM generation)
experiment_016,timeout,trial_143.json,violation,True,,B_adaptive,custom-constructed (synthetic latency values — no LLM generation)
experiment_016,timeout,trial_144.json,violation,True,,B_adaptive,custom-constructed (synthetic latency values — no LLM generation)
experiment_016,timeout,trial_145.json,violation,True,,B_adaptive,custom-constructed (synthetic latency values — no LLM generation)
experiment_016,timeout,trial_146.json,violation,False,,B_adaptive,custom-constructed (synthetic latency values — no LLM generation)
experiment_016,timeout,trial_147.json,violation,False,,B_adaptive,custom-constructed (synthetic latency values — no LLM generation)
experiment_016,timeout,trial_148.json,violation,True,,B_adaptive,custom-constructed (synthetic latency values — no LLM generation)
experiment_016,timeout,trial_149.json,violation,False,,B_adaptive,custom-constructed (synthetic latency values — no LLM generation)
experiment_016,timeout,trial_150.json,violation,False,,B_adaptive,custom-constructed (synthetic latency values — no LLM generation)
experiment_016,timeout,trial_151.json,violation,True,,B_adaptive,custom-constructed (synthetic latency values — no LLM generation)
experiment_016,timeout,trial_152.json,violation,False,,B_adaptive,custom-constructed (synthetic latency values — no LLM generation)
experiment_016,timeout,trial_153.json,violation,True,,B_adaptive,custom-constructed (synthetic latency values — no LLM generation)
experiment_016,timeout,trial_154.json,violation,True,,B_adaptive,custom-constructed (synthetic latency values — no LLM generation)
experiment_016,timeout,trial_155.json,violation,False,,B_adaptive,custom-constructed (synthetic latency values — no LLM generation)
experiment_016,timeout,trial_156.json,violation,False,,B_adaptive,custom-constructed (synthetic latency values — no LLM generation)
experiment_016,timeout,trial_157.json,violation,True,,B_adaptive,custom-constructed (synthetic latency values — no LLM generation)
experiment_016,timeout,trial_158.json,violation,False,,B_adaptive,custom-constructed (synthetic latency values — no LLM generation)
experiment_016,timeout,trial_159.json,violation,False,,B_adaptive,custom-constructed (synthetic latency values — no LLM generation)
experiment_016,timeout,trial_160.json,violation,True,,B_adaptive,custom-constructed (synthetic latency values — no LLM generation)
experiment_016,timeout,trial_161.json,violation,True,,B_adaptive,custom-constructed (synthetic latency values — no LLM generation)
experiment_016,timeout,trial_162.json,violation,False,,B_adaptive,custom-constructed (synthetic latency values — no LLM generation)
experiment_016,timeout,trial_163.json,violation,False,,B_adaptive,custom-constructed (synthetic latency values — no LLM generation)
experiment_016,timeout,trial_164.json,violation,True,,B_adaptive,custom-constructed (synthetic latency values — no LLM generation)
experiment_016,timeout,trial_165.json,violation,False,,B_adaptive,custom-constructed (synthetic latency values — no LLM generation)
experiment_016,timeout,trial_166.json,violation,True,,B_adaptive,custom-constructed (synthetic latency values — no LLM generation)
experiment_016,timeout,trial_167.json,violation,False,,B_adaptive,custom-constructed (synthetic latency values — no LLM generation)
experiment_016,timeout,trial_168.json,violation,True,,C_default_10000ms,custom-constructed (synthetic latency values — no LLM generation)
experiment_016,timeout,trial_169.json,violation,True,,C_default_10000ms,custom-constructed (synthetic latency values — no LLM generation)
experiment_016,timeout,trial_170.json,violation,True,,C_default_10000ms,custom-constructed (synthetic latency values — no LLM generation)
experiment_016,timeout,trial_171.json,violation,True,,C_default_10000ms,custom-constructed (synthetic latency values — no LLM generation)
experiment_016,timeout,trial_172.json,violation,True,,C_default_10000ms,custom-constructed (synthetic latency values — no LLM generation)
experiment_016,timeout,trial_173.json,violation,True,,C_default_10000ms,custom-constructed (synthetic latency values — no LLM generation)
experiment_016,timeout,trial_174.json,violation,True,,C_default_10000ms,custom-constructed (synthetic latency values — no LLM generation)
experiment_016,timeout,trial_175.json,violation,True,,C_default_10000ms,custom-constructed (synthetic latency values — no LLM generation)
experiment_016,timeout,trial_176.json,violation,True,,C_default_10000ms,custom-constructed (synthetic latency values — no LLM generation)
experiment_016,timeout,trial_177.json,violation,True,,C_default_10000ms,custom-constructed (synthetic latency values — no LLM generation)
experiment_016,timeout,trial_178.json,violation,True,,C_default_10000ms,custom-constructed (synthetic latency values — no LLM generation)
experiment_016,timeout,trial_179.json,violation,True,,C_default_10000ms,custom-constructed (synthetic latency values — no LLM generation)
experiment_016,timeout,trial_180.json,violation,True,,C_default_10000ms,custom-constructed (synthetic latency values — no LLM generation)
experiment_016,timeout,trial_181.json,violation,True,,C_default_10000ms,custom-constructed (synthetic latency values — no LLM generation)
experiment_016,timeout,trial_182.json,violation,True,,C_default_10000ms,custom-constructed (synthetic latency values — no LLM generation)
experiment_016,timeout,trial_183.json,violation,True,,C_default_10000ms,custom-constructed (synthetic latency values — no LLM generation)
experiment_016,timeout,trial_184.json,violation,True,,C_default_10000ms,custom-constructed (synthetic latency values — no LLM generation)
experiment_016,timeout,trial_185.json,violation,True,,C_default_10000ms,custom-constructed (synthetic latency values — no LLM generation)
experiment_016,timeout,trial_186.json,violation,True,,C_default_10000ms,custom-constructed (synthetic latency values — no LLM generation)
experiment_016,timeout,trial_187.json,violation,True,,C_default_10000ms,custom-constructed (synthetic latency values — no LLM generation)
experiment_016,timeout,trial_188.json,violation,True,,C_default_10000ms,custom-constructed (synthetic latency values — no LLM generation)
experiment_016,timeout,trial_189.json,violation,True,,C_default_10000ms,custom-constructed (synthetic latency values — no LLM generation)
experiment_016,timeout,trial_190.json,violation,True,,C_default_10000ms,custom-constructed (synthetic latency values — no LLM generation)
experiment_016,timeout,trial_191.json,violation,True,,C_default_10000ms,custom-constructed (synthetic latency values — no LLM generation)
experiment_016,timeout,trial_192.json,violation,True,,C_default_10000ms,custom-constructed (synthetic latency values — no LLM generation)
experiment_016,timeout,trial_193.json,violation,True,,C_default_10000ms,custom-constructed (synthetic latency values — no LLM generation)
experiment_016,timeout,trial_194.json,violation,True,,C_default_10000ms,custom-constructed (synthetic latency values — no LLM generation)
experiment_016,timeout,trial_195.json,violation,True,,C_default_10000ms,custom-constructed (synthetic latency values — no LLM generation)
experiment_016,timeout,trial_196.json,violation,True,,C_default_10000ms,custom-constructed (synthetic latency values — no LLM generation)
experiment_016,timeout,trial_197.json,violation,True,,C_default_10000ms,custom-constructed (synthetic latency values — no LLM generation)
experiment_016,timeout,trial_198.json,violation,True,,C_default_10000ms,custom-constructed (synthetic latency values — no LLM generation)
experiment_016,timeout,trial_199.json,violation,True,,C_default_10000ms,custom-constructed (synthetic latency values — no LLM generation)
experiment_016,timeout,trial_200.json,violation,True,,C_default_10000ms,custom-constructed (synthetic latency values — no LLM generation)
experiment_017,response_integrity,trial_001.json,clean,True,,,custom-constructed (synthetic dict payloads — no LLM generation)
experiment_017,response_integrity,trial_002.json,clean,True,,,custom-constructed (synthetic dict payloads — no LLM generation)
experiment_017,response_integrity,trial_003.json,clean,True,,,custom-constructed (synthetic dict payloads — no LLM generation)
experiment_017,response_integrity,trial_004.json,clean,True,,,custom-constructed (synthetic dict payloads — no LLM generation)
experiment_017,response_integrity,trial_005.json,clean,True,,,custom-constructed (synthetic dict payloads — no LLM generation)
experiment_017,response_integrity,trial_006.json,clean,True,,,custom-constructed (synthetic dict payloads — no LLM generation)
experiment_017,response_integrity,trial_007.json,clean,True,,,custom-constructed (synthetic dict payloads — no LLM generation)
experiment_017,response_integrity,trial_008.json,clean,True,,,custom-constructed (synthetic dict payloads — no LLM generation)
experiment_017,response_integrity,trial_009.json,clean,True,,,custom-constructed (synthetic dict payloads — no LLM generation)
experiment_017,response_integrity,trial_010.json,clean,True,,,custom-constructed (synthetic dict payloads — no LLM generation)
experiment_017,response_integrity,trial_011.json,clean,True,,,custom-constructed (synthetic dict payloads — no LLM generation)
experiment_017,response_integrity,trial_012.json,clean,True,,,custom-constructed (synthetic dict payloads — no LLM generation)
experiment_017,response_integrity,trial_013.json,clean,True,,,custom-constructed (synthetic dict payloads — no LLM generation)
experiment_017,response_integrity,trial_014.json,clean,True,,,custom-constructed (synthetic dict payloads — no LLM generation)
experiment_017,response_integrity,trial_015.json,clean,True,,,custom-constructed (synthetic dict payloads — no LLM generation)
experiment_017,response_integrity,trial_016.json,clean,True,,,custom-constructed (synthetic dict payloads — no LLM generation)
experiment_017,response_integrity,trial_017.json,clean,True,,,custom-constructed (synthetic dict payloads — no LLM generation)
experiment_017,response_integrity,trial_018.json,clean,True,,,custom-constructed (synthetic dict payloads — no LLM generation)
experiment_017,response_integrity,trial_019.json,clean,True,,,custom-constructed (synthetic dict payloads — no LLM generation)
experiment_017,response_integrity,trial_020.json,clean,True,,,custom-constructed (synthetic dict payloads — no LLM generation)
experiment_017,response_integrity,trial_021.json,clean,True,,,custom-constructed (synthetic dict payloads — no LLM generation)
experiment_017,response_integrity,trial_022.json,clean,True,,,custom-constructed (synthetic dict payloads — no LLM generation)
experiment_017,response_integrity,trial_023.json,clean,True,,,custom-constructed (synthetic dict payloads — no LLM generation)
experiment_017,response_integrity,trial_024.json,clean,True,,,custom-constructed (synthetic dict payloads — no LLM generation)
experiment_017,response_integrity,trial_025.json,clean,True,,,custom-constructed (synthetic dict payloads — no LLM generation)
experiment_017,response_integrity,trial_026.json,clean,True,,,custom-constructed (synthetic dict payloads — no LLM generation)
experiment_017,response_integrity,trial_027.json,clean,True,,,custom-constructed (synthetic dict payloads — no LLM generation)
experiment_017,response_integrity,trial_028.json,clean,True,,,custom-constructed (synthetic dict payloads — no LLM generation)
experiment_017,response_integrity,trial_029.json,clean,True,,,custom-constructed (synthetic dict payloads — no LLM generation)
experiment_017,response_integrity,trial_030.json,clean,True,,,custom-constructed (synthetic dict payloads — no LLM generation)
experiment_017,response_integrity,trial_031.json,clean,True,,,custom-constructed (synthetic dict payloads — no LLM generation)
experiment_017,response_integrity,trial_032.json,clean,True,,,custom-constructed (synthetic dict payloads — no LLM generation)
experiment_017,response_integrity,trial_033.json,clean,True,,,custom-constructed (synthetic dict payloads — no LLM generation)
experiment_017,response_integrity,trial_034.json,clean,True,,,custom-constructed (synthetic dict payloads — no LLM generation)
experiment_017,response_integrity,trial_035.json,clean,True,,,custom-constructed (synthetic dict payloads — no LLM generation)
experiment_017,response_integrity,trial_036.json,clean,True,,,custom-constructed (synthetic dict payloads — no LLM generation)
experiment_017,response_integrity,trial_037.json,clean,True,,,custom-constructed (synthetic dict payloads — no LLM generation)
experiment_017,response_integrity,trial_038.json,clean,True,,,custom-constructed (synthetic dict payloads — no LLM generation)
experiment_017,response_integrity,trial_039.json,clean,True,,,custom-constructed (synthetic dict payloads — no LLM generation)
experiment_017,response_integrity,trial_040.json,clean,True,,,custom-constructed (synthetic dict payloads — no LLM generation)
experiment_017,response_integrity,trial_041.json,clean,True,,,custom-constructed (synthetic dict payloads — no LLM generation)
experiment_017,response_integrity,trial_042.json,clean,True,,,custom-constructed (synthetic dict payloads — no LLM generation)
experiment_017,response_integrity,trial_043.json,clean,True,,,custom-constructed (synthetic dict payloads — no LLM generation)
experiment_017,response_integrity,trial_044.json,clean,True,,,custom-constructed (synthetic dict payloads — no LLM generation)
experiment_017,response_integrity,trial_045.json,clean,True,,,custom-constructed (synthetic dict payloads — no LLM generation)
experiment_017,response_integrity,trial_046.json,clean,True,,,custom-constructed (synthetic dict payloads — no LLM generation)
experiment_017,response_integrity,trial_047.json,clean,True,,,custom-constructed (synthetic dict payloads — no LLM generation)
experiment_017,response_integrity,trial_048.json,clean,True,,,custom-constructed (synthetic dict payloads — no LLM generation)
experiment_017,response_integrity,trial_049.json,clean,True,,,custom-constructed (synthetic dict payloads — no LLM generation)
experiment_017,response_integrity,trial_050.json,clean,True,,,custom-constructed (synthetic dict payloads — no LLM generation)
experiment_017,response_integrity,trial_051.json,clean,True,,,custom-constructed (synthetic dict payloads — no LLM generation)
experiment_017,response_integrity,trial_052.json,clean,True,,,custom-constructed (synthetic dict payloads — no LLM generation)
experiment_017,response_integrity,trial_053.json,clean,True,,,custom-constructed (synthetic dict payloads — no LLM generation)
experiment_017,response_integrity,trial_054.json,clean,True,,,custom-constructed (synthetic dict payloads — no LLM generation)
experiment_017,response_integrity,trial_055.json,clean,True,,,custom-constructed (synthetic dict payloads — no LLM generation)
experiment_017,response_integrity,trial_056.json,clean,True,,,custom-constructed (synthetic dict payloads — no LLM generation)
experiment_017,response_integrity,trial_057.json,clean,True,,,custom-constructed (synthetic dict payloads — no LLM generation)
experiment_017,response_integrity,trial_058.json,clean,True,,,custom-constructed (synthetic dict payloads — no LLM generation)
experiment_017,response_integrity,trial_059.json,clean,True,,,custom-constructed (synthetic dict payloads — no LLM generation)
experiment_017,response_integrity,trial_060.json,clean,True,,,custom-constructed (synthetic dict payloads — no LLM generation)
experiment_017,response_integrity,trial_061.json,clean,True,,,custom-constructed (synthetic dict payloads — no LLM generation)
experiment_017,response_integrity,trial_062.json,clean,True,,,custom-constructed (synthetic dict payloads — no LLM generation)
experiment_017,response_integrity,trial_063.json,clean,True,,,custom-constructed (synthetic dict payloads — no LLM generation)
experiment_017,response_integrity,trial_064.json,clean,True,,,custom-constructed (synthetic dict payloads — no LLM generation)
experiment_017,response_integrity,trial_065.json,clean,True,,,custom-constructed (synthetic dict payloads — no LLM generation)
experiment_017,response_integrity,trial_066.json,clean,True,,,custom-constructed (synthetic dict payloads — no LLM generation)
experiment_017,response_integrity,trial_067.json,clean,True,,,custom-constructed (synthetic dict payloads — no LLM generation)
experiment_017,response_integrity,trial_068.json,clean,True,,,custom-constructed (synthetic dict payloads — no LLM generation)
experiment_017,response_integrity,trial_069.json,clean,True,,,custom-constructed (synthetic dict payloads — no LLM generation)
experiment_017,response_integrity,trial_070.json,clean,True,,,custom-constructed (synthetic dict payloads — no LLM generation)
experiment_017,response_integrity,trial_071.json,clean,True,,,custom-constructed (synthetic dict payloads — no LLM generation)
experiment_017,response_integrity,trial_072.json,clean,True,,,custom-constructed (synthetic dict payloads — no LLM generation)
experiment_017,response_integrity,trial_073.json,clean,True,,,custom-constructed (synthetic dict payloads — no LLM generation)
experiment_017,response_integrity,trial_074.json,clean,True,,,custom-constructed (synthetic dict payloads — no LLM generation)
experiment_017,response_integrity,trial_075.json,clean,True,,,custom-constructed (synthetic dict payloads — no LLM generation)
experiment_017,response_integrity,trial_076.json,clean,True,,,custom-constructed (synthetic dict payloads — no LLM generation)
experiment_017,response_integrity,trial_077.json,clean,True,,,custom-constructed (synthetic dict payloads — no LLM generation)
experiment_017,response_integrity,trial_078.json,clean,True,,,custom-constructed (synthetic dict payloads — no LLM generation)
experiment_017,response_integrity,trial_079.json,clean,True,,,custom-constructed (synthetic dict payloads — no LLM generation)
experiment_017,response_integrity,trial_080.json,clean,True,,,custom-constructed (synthetic dict payloads — no LLM generation)
experiment_017,response_integrity,trial_081.json,clean,True,,,custom-constructed (synthetic dict payloads — no LLM generation)
experiment_017,response_integrity,trial_082.json,clean,True,,,custom-constructed (synthetic dict payloads — no LLM generation)
experiment_017,response_integrity,trial_083.json,clean,True,,,custom-constructed (synthetic dict payloads — no LLM generation)
experiment_017,response_integrity,trial_084.json,clean,True,,,custom-constructed (synthetic dict payloads — no LLM generation)
experiment_017,response_integrity,trial_085.json,clean,True,,,custom-constructed (synthetic dict payloads — no LLM generation)
experiment_017,response_integrity,trial_086.json,clean,True,,,custom-constructed (synthetic dict payloads — no LLM generation)
experiment_017,response_integrity,trial_087.json,clean,True,,,custom-constructed (synthetic dict payloads — no LLM generation)
experiment_017,response_integrity,trial_088.json,clean,True,,,custom-constructed (synthetic dict payloads — no LLM generation)
experiment_017,response_integrity,trial_089.json,clean,True,,,custom-constructed (synthetic dict payloads — no LLM generation)
experiment_017,response_integrity,trial_090.json,clean,True,,,custom-constructed (synthetic dict payloads — no LLM generation)
experiment_017,response_integrity,trial_091.json,clean,True,,,custom-constructed (synthetic dict payloads — no LLM generation)
experiment_017,response_integrity,trial_092.json,clean,True,,,custom-constructed (synthetic dict payloads — no LLM generation)
experiment_017,response_integrity,trial_093.json,clean,True,,,custom-constructed (synthetic dict payloads — no LLM generation)
experiment_017,response_integrity,trial_094.json,clean,True,,,custom-constructed (synthetic dict payloads — no LLM generation)
experiment_017,response_integrity,trial_095.json,clean,True,,,custom-constructed (synthetic dict payloads — no LLM generation)
experiment_017,response_integrity,trial_096.json,clean,True,,,custom-constructed (synthetic dict payloads — no LLM generation)
experiment_017,response_integrity,trial_097.json,clean,True,,,custom-constructed (synthetic dict payloads — no LLM generation)
experiment_017,response_integrity,trial_098.json,clean,True,,,custom-constructed (synthetic dict payloads — no LLM generation)
experiment_017,response_integrity,trial_099.json,clean,True,,,custom-constructed (synthetic dict payloads — no LLM generation)
experiment_017,response_integrity,trial_100.json,clean,True,,,custom-constructed (synthetic dict payloads — no LLM generation)
experiment_017,response_integrity,trial_101.json,violation,True,parameter_echo_mismatch,,custom-constructed (synthetic dict payloads — no LLM generation)
experiment_017,response_integrity,trial_102.json,violation,True,parameter_echo_mismatch,,custom-constructed (synthetic dict payloads — no LLM generation)
experiment_017,response_integrity,trial_103.json,violation,True,parameter_echo_mismatch,,custom-constructed (synthetic dict payloads — no LLM generation)
experiment_017,response_integrity,trial_104.json,violation,True,parameter_echo_mismatch,,custom-constructed (synthetic dict payloads — no LLM generation)
experiment_017,response_integrity,trial_105.json,violation,True,parameter_echo_mismatch,,custom-constructed (synthetic dict payloads — no LLM generation)
experiment_017,response_integrity,trial_106.json,violation,True,parameter_echo_mismatch,,custom-constructed (synthetic dict payloads — no LLM generation)
experiment_017,response_integrity,trial_107.json,violation,True,parameter_echo_mismatch,,custom-constructed (synthetic dict payloads — no LLM generation)
experiment_017,response_integrity,trial_108.json,violation,True,parameter_echo_mismatch,,custom-constructed (synthetic dict payloads — no LLM generation)
experiment_017,response_integrity,trial_109.json,violation,True,parameter_echo_mismatch,,custom-constructed (synthetic dict payloads — no LLM generation)
experiment_017,response_integrity,trial_110.json,violation,True,parameter_echo_mismatch,,custom-constructed (synthetic dict payloads — no LLM generation)
experiment_017,response_integrity,trial_111.json,violation,True,parameter_echo_mismatch,,custom-constructed (synthetic dict payloads — no LLM generation)
experiment_017,response_integrity,trial_112.json,violation,True,parameter_echo_mismatch,,custom-constructed (synthetic dict payloads — no LLM generation)
experiment_017,response_integrity,trial_113.json,violation,True,parameter_echo_mismatch,,custom-constructed (synthetic dict payloads — no LLM generation)
experiment_017,response_integrity,trial_114.json,violation,True,parameter_echo_mismatch,,custom-constructed (synthetic dict payloads — no LLM generation)
experiment_017,response_integrity,trial_115.json,violation,True,parameter_echo_mismatch,,custom-constructed (synthetic dict payloads — no LLM generation)
experiment_017,response_integrity,trial_116.json,violation,True,parameter_echo_mismatch,,custom-constructed (synthetic dict payloads — no LLM generation)
experiment_017,response_integrity,trial_117.json,violation,True,parameter_echo_mismatch,,custom-constructed (synthetic dict payloads — no LLM generation)
experiment_017,response_integrity,trial_118.json,violation,True,parameter_echo_mismatch,,custom-constructed (synthetic dict payloads — no LLM generation)
experiment_017,response_integrity,trial_119.json,violation,True,parameter_echo_mismatch,,custom-constructed (synthetic dict payloads — no LLM generation)
experiment_017,response_integrity,trial_120.json,violation,True,parameter_echo_mismatch,,custom-constructed (synthetic dict payloads — no LLM generation)
experiment_017,response_integrity,trial_121.json,violation,True,contradictory_status_error,,custom-constructed (synthetic dict payloads — no LLM generation)
experiment_017,response_integrity,trial_122.json,violation,True,contradictory_status_error,,custom-constructed (synthetic dict payloads — no LLM generation)
experiment_017,response_integrity,trial_123.json,violation,True,contradictory_status_error,,custom-constructed (synthetic dict payloads — no LLM generation)
experiment_017,response_integrity,trial_124.json,violation,True,contradictory_status_error,,custom-constructed (synthetic dict payloads — no LLM generation)
experiment_017,response_integrity,trial_125.json,violation,True,contradictory_status_error,,custom-constructed (synthetic dict payloads — no LLM generation)
experiment_017,response_integrity,trial_126.json,violation,True,contradictory_status_error,,custom-constructed (synthetic dict payloads — no LLM generation)
experiment_017,response_integrity,trial_127.json,violation,True,contradictory_status_error,,custom-constructed (synthetic dict payloads — no LLM generation)
experiment_017,response_integrity,trial_128.json,violation,True,contradictory_status_error,,custom-constructed (synthetic dict payloads — no LLM generation)
experiment_017,response_integrity,trial_129.json,violation,True,contradictory_status_error,,custom-constructed (synthetic dict payloads — no LLM generation)
experiment_017,response_integrity,trial_130.json,violation,True,contradictory_status_error,,custom-constructed (synthetic dict payloads — no LLM generation)
experiment_017,response_integrity,trial_131.json,violation,True,contradictory_status_error,,custom-constructed (synthetic dict payloads — no LLM generation)
experiment_017,response_integrity,trial_132.json,violation,True,contradictory_status_error,,custom-constructed (synthetic dict payloads — no LLM generation)
experiment_017,response_integrity,trial_133.json,violation,True,contradictory_status_error,,custom-constructed (synthetic dict payloads — no LLM generation)
experiment_017,response_integrity,trial_134.json,violation,True,contradictory_status_error,,custom-constructed (synthetic dict payloads — no LLM generation)
experiment_017,response_integrity,trial_135.json,violation,True,contradictory_status_error,,custom-constructed (synthetic dict payloads — no LLM generation)
experiment_017,response_integrity,trial_136.json,violation,True,contradictory_status_error,,custom-constructed (synthetic dict payloads — no LLM generation)
experiment_017,response_integrity,trial_137.json,violation,True,contradictory_status_error,,custom-constructed (synthetic dict payloads — no LLM generation)
experiment_017,response_integrity,trial_138.json,violation,True,contradictory_status_error,,custom-constructed (synthetic dict payloads — no LLM generation)
experiment_017,response_integrity,trial_139.json,violation,True,contradictory_status_error,,custom-constructed (synthetic dict payloads — no LLM generation)
experiment_017,response_integrity,trial_140.json,violation,True,contradictory_status_error,,custom-constructed (synthetic dict payloads — no LLM generation)
experiment_017,response_integrity,trial_141.json,violation,True,empty_success,,custom-constructed (synthetic dict payloads — no LLM generation)
experiment_017,response_integrity,trial_142.json,violation,True,empty_success,,custom-constructed (synthetic dict payloads — no LLM generation)
experiment_017,response_integrity,trial_143.json,violation,True,empty_success,,custom-constructed (synthetic dict payloads — no LLM generation)
experiment_017,response_integrity,trial_144.json,violation,True,empty_success,,custom-constructed (synthetic dict payloads — no LLM generation)
experiment_017,response_integrity,trial_145.json,violation,True,empty_success,,custom-constructed (synthetic dict payloads — no LLM generation)
experiment_017,response_integrity,trial_146.json,violation,True,empty_success,,custom-constructed (synthetic dict payloads — no LLM generation)
experiment_017,response_integrity,trial_147.json,violation,True,empty_success,,custom-constructed (synthetic dict payloads — no LLM generation)
experiment_017,response_integrity,trial_148.json,violation,True,empty_success,,custom-constructed (synthetic dict payloads — no LLM generation)
experiment_017,response_integrity,trial_149.json,violation,True,empty_success,,custom-constructed (synthetic dict payloads — no LLM generation)
experiment_017,response_integrity,trial_150.json,violation,True,empty_success,,custom-constructed (synthetic dict payloads — no LLM generation)
experiment_017,response_integrity,trial_151.json,violation,True,empty_success,,custom-constructed (synthetic dict payloads — no LLM generation)
experiment_017,response_integrity,trial_152.json,violation,True,empty_success,,custom-constructed (synthetic dict payloads — no LLM generation)
experiment_017,response_integrity,trial_153.json,violation,True,empty_success,,custom-constructed (synthetic dict payloads — no LLM generation)
experiment_017,response_integrity,trial_154.json,violation,True,empty_success,,custom-constructed (synthetic dict payloads — no LLM generation)
experiment_017,response_integrity,trial_155.json,violation,True,empty_success,,custom-constructed (synthetic dict payloads — no LLM generation)
experiment_017,response_integrity,trial_156.json,violation,True,empty_success,,custom-constructed (synthetic dict payloads — no LLM generation)
experiment_017,response_integrity,trial_157.json,violation,True,empty_success,,custom-constructed (synthetic dict payloads — no LLM generation)
experiment_017,response_integrity,trial_158.json,violation,True,empty_success,,custom-constructed (synthetic dict payloads — no LLM generation)
experiment_017,response_integrity,trial_159.json,violation,True,empty_success,,custom-constructed (synthetic dict payloads — no LLM generation)
experiment_017,response_integrity,trial_160.json,violation,True,empty_success,,custom-constructed (synthetic dict payloads — no LLM generation)
experiment_017,response_integrity,trial_161.json,violation,True,silent_failure,,custom-constructed (synthetic dict payloads — no LLM generation)
experiment_017,response_integrity,trial_162.json,violation,True,silent_failure,,custom-constructed (synthetic dict payloads — no LLM generation)
experiment_017,response_integrity,trial_163.json,violation,True,silent_failure,,custom-constructed (synthetic dict payloads — no LLM generation)
experiment_017,response_integrity,trial_164.json,violation,True,silent_failure,,custom-constructed (synthetic dict payloads — no LLM generation)
experiment_017,response_integrity,trial_165.json,violation,True,silent_failure,,custom-constructed (synthetic dict payloads — no LLM generation)
experiment_017,response_integrity,trial_166.json,violation,True,silent_failure,,custom-constructed (synthetic dict payloads — no LLM generation)
experiment_017,response_integrity,trial_167.json,violation,True,silent_failure,,custom-constructed (synthetic dict payloads — no LLM generation)
experiment_017,response_integrity,trial_168.json,violation,True,silent_failure,,custom-constructed (synthetic dict payloads — no LLM generation)
experiment_017,response_integrity,trial_169.json,violation,True,silent_failure,,custom-constructed (synthetic dict payloads — no LLM generation)
experiment_017,response_integrity,trial_170.json,violation,True,silent_failure,,custom-constructed (synthetic dict payloads — no LLM generation)
experiment_017,response_integrity,trial_171.json,violation,True,silent_failure,,custom-constructed (synthetic dict payloads — no LLM generation)
experiment_017,response_integrity,trial_172.json,violation,True,silent_failure,,custom-constructed (synthetic dict payloads — no LLM generation)
experiment_017,response_integrity,trial_173.json,violation,True,silent_failure,,custom-constructed (synthetic dict payloads — no LLM generation)
experiment_017,response_integrity,trial_174.json,violation,True,silent_failure,,custom-constructed (synthetic dict payloads — no LLM generation)
experiment_017,response_integrity,trial_175.json,violation,True,silent_failure,,custom-constructed (synthetic dict payloads — no LLM generation)
experiment_017,response_integrity,trial_176.json,violation,True,silent_failure,,custom-constructed (synthetic dict payloads — no LLM generation)
experiment_017,response_integrity,trial_177.json,violation,True,silent_failure,,custom-constructed (synthetic dict payloads — no LLM generation)
experiment_017,response_integrity,trial_178.json,violation,True,silent_failure,,custom-constructed (synthetic dict payloads — no LLM generation)
experiment_017,response_integrity,trial_179.json,violation,True,silent_failure,,custom-constructed (synthetic dict payloads — no LLM generation)
experiment_017,response_integrity,trial_180.json,violation,True,silent_failure,,custom-constructed (synthetic dict payloads — no LLM generation)
experiment_017,response_integrity,trial_181.json,violation,True,count_mismatch,,custom-constructed (synthetic dict payloads — no LLM generation)
experiment_017,response_integrity,trial_182.json,violation,True,count_mismatch,,custom-constructed (synthetic dict payloads — no LLM generation)
experiment_017,response_integrity,trial_183.json,violation,True,count_mismatch,,custom-constructed (synthetic dict payloads — no LLM generation)
experiment_017,response_integrity,trial_184.json,violation,True,count_mismatch,,custom-constructed (synthetic dict payloads — no LLM generation)
experiment_017,response_integrity,trial_185.json,violation,True,count_mismatch,,custom-constructed (synthetic dict payloads — no LLM generation)
experiment_017,response_integrity,trial_186.json,violation,True,count_mismatch,,custom-constructed (synthetic dict payloads — no LLM generation)
experiment_017,response_integrity,trial_187.json,violation,True,count_mismatch,,custom-constructed (synthetic dict payloads — no LLM generation)
experiment_017,response_integrity,trial_188.json,violation,True,count_mismatch,,custom-constructed (synthetic dict payloads — no LLM generation)
experiment_017,response_integrity,trial_189.json,violation,True,count_mismatch,,custom-constructed (synthetic dict payloads — no LLM generation)
experiment_017,response_integrity,trial_190.json,violation,True,count_mismatch,,custom-constructed (synthetic dict payloads — no LLM generation)
experiment_017,response_integrity,trial_191.json,violation,True,count_mismatch,,custom-constructed (synthetic dict payloads — no LLM generation)
experiment_017,response_integrity,trial_192.json,violation,True,count_mismatch,,custom-constructed (synthetic dict payloads — no LLM generation)
experiment_017,response_integrity,trial_193.json,violation,True,count_mismatch,,custom-constructed (synthetic dict payloads — no LLM generation)
experiment_017,response_integrity,trial_194.json,violation,True,count_mismatch,,custom-constructed (synthetic dict payloads — no LLM generation)
experiment_017,response_integrity,trial_195.json,violation,True,count_mismatch,,custom-constructed (synthetic dict payloads — no LLM generation)
experiment_017,response_integrity,trial_196.json,violation,True,count_mismatch,,custom-constructed (synthetic dict payloads — no LLM generation)
experiment_017,response_integrity,trial_197.json,violation,True,count_mismatch,,custom-constructed (synthetic dict payloads — no LLM generation)
experiment_017,response_integrity,trial_198.json,violation,True,count_mismatch,,custom-constructed (synthetic dict payloads — no LLM generation)
experiment_017,response_integrity,trial_199.json,violation,True,count_mismatch,,custom-constructed (synthetic dict payloads — no LLM generation)
experiment_017,response_integrity,trial_200.json,violation,True,count_mismatch,,custom-constructed (synthetic dict payloads — no LLM generation)
